Cond,FAU,SPRY4,BCL3,AC007387_2,HEXIM1,CATG00000024278_1,GRPEL1,IREB2,CTB_55O6_10,CATG00000000897_1,NFIL3,PHF23,FBF1,CXXC5,CATG00000034361_1,TP53RK,AC027119_1,LINC00311,CDKN1A,SREBF1,PPARGC1B,BHLHE41,RNVU1_14,RNU2_38P,PDK4,CSRNP2,GUCY2GP,FGF10,HMGCR,FAM154A,RP11_177F15_1,RP11_787P24_1,CTD_3065J16_9,RP11_520H14_1,PASK,LDLR,PRICKLE1,RNU12,RP11_486M23_1,AC002511_3,AIG1,TSPAN8,C15orf39,CATG00000072417_1,C19orf80,MSMO1,DNAJA1,STAT5A,RPUSD1,SULT1C2,SNAI2,HES1,ALG2,TECTB,AACS,CATG00000027865_1,RNU2_6P,HELB,IDI1,DNLZ,CATG00000008210_1,GADD45A,RP13_1039J1_2,RIMBP3B,FREM2,RREB1,PSMD5,KLC2,CLDN4,TTC25,HSPH1,FFAR4,TIPRL,NANP,DDX47,CP,METTL1,UTP11L,FAM222A,C11orf53,TRIM35,THRSP,KCNK5,GFOD1,FABP3,HLA_DOA,TPX2,TMEM70,RP11_204L24_2,QRICH2,DUSP6,CCDC85C,EGLN3,C14orf28,RP11_699L21_1,ID2,RRP1B,RP3_406P24_3,AC004158_2,RIOK1,SLC25A21_AS1,TTL,NHLRC4,RP5_1136G13_2,CNTFR,NELFA,NPC1,NRXN3,CATG00000086393_1,ZNF442,CATG00000106133_1,CATG00000038824_1,FHOD1,AP1S3,KCNE1,CHADL,RP1_15D23_2,TMC1,ZNF620,PER1,RP11_326I11_4,RP11_7F17_3,NBPF10,ST3GAL1,DUSP14,STT3A_AS1,WEE1,PRPF38AP2,RP11_93L9_1,R3HDM1,PLS1,TRIM29,IER2,GRAMD4,LARP4,SHC2,RP11_442N24__B_1,GEN1,CBX4,TOR3A,PPRC1,AC104809_2,LINC01023,BHLHE40,ADAMTS1,CITED2,FGD6,CATG00000084124_1,ZBTB16,AC006481_1,AC018804_7,RRS1,TNFRSF18,UTP15,ANGPTL2,PFKFB3,LRP8,PAX8,MPZL1,NOP2,G3BP1,DIO2,GOLGA1,CLDND2,RARG,MCFD2,MTF1,INTS7,STIP1,RAB21,CATG00000056402_1,RNU5F_1,PLEKHO2,EMCN,CARS,NR1D1,PDLIM4,MESDC1,RP11_1136G11_6,CBWD3,PRPF40B,PPFIBP2,GLIS2,CEBPG,TSPAN14,CHAC1,SEMA7A,C5orf27,IL6R,TBX3,GEM,KLHL18,CYP2D6,SENP3_EIF4A1,RAB3IL1,MAPT,PLEKHG4,CCL23,AP000476_1,RP11_834C11_12,Class_,Patnr,CV_Split
NO101f2,83.0,4.483333333333333,4.264666666666667,0.0,49.3735,0.0,63.644,83.0,0.656,0.0,2.2965,6.7250000000000005,0.0,4.7565,0.0,3.281,0.0,0.0,15.00875,34.33733333333333,7.873666666666666,22.308333333333334,5.905,1.312,138.88000000000002,41.992,0.0,0.0,3.609,0.0,1.312,0.0,0.0,0.0,0.0,1.64,0.656,1.968,0.656,0.0,83.0,0.0,7.7095,0.0,48.881,9.186,50.522,4.4697499999999994,0.0,0.0,19.684,42.648,55.771,0.0,10.498,0.0,0.0,0.0,27.064999999999998,0.0,0.0,14.024750000000001,0.0,0.0,348.403,5.5112000000000005,83.0,3.9365,0.0,0.0,42.648,14.762666666666666,41.992,6.561,83.0,0.0,9.186,115.478,0.0,0.0,71.518,1.5527333333333329,0.328,3.4996666666666663,0.0,0.0,3.7725,4.4285,1.312,0.0,29.416500000000003,0.0,0.0,51.178,0.0,6.889,8.0375,0.0,0.0,6.889,11.482,0.0,0.0,0.0,7.920285714285713,35.759,6.561,0.0,0.984,0.656,0.0,0.0,30.345499999999998,0.0,0.328,0.0,0.0,0.0,0.0,36.82525,7.545,13.451,0.0,20.996,42.812,0.0,0.0,2.625,0.0,16.731,0.0,0.0,47.241,3.77275,12.794,0.0,1.64,3.4445,41.008,33.134,35.103,0.0,0.0,1.8590000000000002,3.7725,329.8675,1.148,0.328,37.39925000000001,2.296,0.0,16.075,0.0,41.992,154.1894,38.60216666666667,0.656,0.0,157.142,9.842,407.782,0.0,33.791,3.937,8.748333333333333,92.514,62.332,21.98,163.375,131.7175,0.0,0.0,103.34,332.0,28.541,106.621,0.656,6.451666666666665,44.289,83.0,0.0,7.1518,20.996,7.3815,25.479333333333333,0.984,0.0,0.492,5.5112,18.808999999999997,0.0,17.387,0.0,104.324,15.091,3.171,0.0,0.0,0.0,5.937799999999999,0.0,NO101,0.0
NO101h2,78.981,15.823666666666668,12.822333333333333,4.502,79.3905,1.637,113.766,56.883,5.729,1.228,8.7985,14.118,2.865,12.072,1.637,6.138,4.092,6.138,39.081250000000004,124.67899999999999,19.097333333333335,51.15366666666667,22.098,4.911,48.834666666666664,82.255,1.637,0.409,6.138,0.0,3.683,0.0,0.818,1.228,0.818,17.597,3.137333333333333,8.594,8.594,0.409,81.30033333333334,2.455,21.4845,0.818,457.519,21.689,54.01833333333334,8.849499999999999,0.409,0.0,22.780333333333335,69.16,66.295,4.092,37.649,3.683,0.818,1.637,43.3785,1.637,0.409,33.1475,0.818,2.2504999999999997,323.292,9.575999999999999,89.621,9.8215,0.0,1.228,54.428,29.874,47.471,12.686,80.618,0.409,13.914,160.418,1.637,0.818,85.12,6.738666666666668,2.046,4.910666666666667,2.865,0.818,5.32,13.3,4.911,0.0,55.17783333333333,0.0,0.818,38.877,3.274,20.052,27.4185,0.409,0.0,14.732,5.729,0.409,0.0,1.228,14.557,22.917,19.4385,1.023,4.9105,5.32,0.409,1.637,44.401500000000006,0.818,3.683,0.818,0.0,1.637,0.409,14.016250000000001,6.138,5.729,0.409,39.286,89.212,1.637,1.637,4.911,0.409,38.468,0.409,1.228,52.3815,7.468500000000001,15.96,0.409,20.052,6.1385,59.338,47.471,44.197,4.092,1.637,15.277666666666667,7.571,225.89499999999998,2.4555,1.637,13.3,2.455,0.409,16.369,0.409,42.151,203.6328,22.23466666666667,5.32,0.0,215.255,15.551,471.433,1.637,42.969,4.911,9.957666666666666,96.988,78.981,21.689,180.47,125.838,1.228,3.274,135.455,327.384,66.705,41.741,0.0,5.865333333333333,66.295,93.714,0.409,8.4302,24.963,11.049,28.71416666666667,9.003,1.228,3.888,7.366200000000001,23.189666666666668,0.409,20.871,0.0,135.046,22.508,6.411333333333334,0.409,0.818,2.455,8.593999999999998,1.0,NO101,0.0
NO108f2,83.984,3.0850000000000004,5.142,0.0,29.9945,0.343,52.79,68.215,0.0,0.343,5.827500000000001,6.513,0.343,2.9135,1.028,7.541,1.028,0.0,19.1105,41.82033333333334,6.398666666666666,25.595333333333333,5.485,2.4,215.61566666666667,25.024,2.4,0.0,0.686,0.686,2.742,1.371,1.371,2.057,0.343,5.142,0.6856666666666666,0.343,2.057,4.113,71.30066666666666,1.371,3.771,1.714,16.454,4.113,43.077666666666666,1.7568750000000002,0.686,1.028,13.711666666666666,29.823,53.133,0.0,2.742,0.0,0.686,1.714,14.9115,0.0,0.0,11.397749999999998,1.028,0.6855,498.076,5.279,60.674,5.6565,0.686,0.343,33.594,10.284,36.679,9.598,100.095,1.714,10.627,102.152,0.343,0.343,52.447,0.5942000000000001,0.0,2.7423333333333333,0.686,0.686,5.141500000000001,2.9135,2.742,0.0,16.79666666666667,1.714,0.0,47.305,1.714,11.655,3.2565,1.371,1.371,10.284,14.397,1.028,0.343,0.0,8.618714285714287,35.993,7.7125,3.428,0.5145000000000001,1.371,0.343,0.686,24.5095,0.686,1.028,0.686,1.371,3.428,0.0,21.338749999999997,7.884,15.768,0.686,39.764,39.7635,2.4,1.371,4.456,1.714,17.482,3.085,0.686,33.5935,2.7425,11.655,1.714,5.142,2.0564999999999998,21.253,27.766,25.024,0.0,0.686,2.057,5.313000000000001,551.38,1.0285,0.0,26.309,1.028,0.0,13.369,0.686,35.993,136.70499999999998,46.334,1.714,0.857,101.123,14.054,284.517,0.686,28.109,8.57,9.597999999999999,109.35,50.048,28.109,149.114,120.66250000000001,0.0,0.686,39.078,210.817,33.936,43.535,0.686,8.569666666666665,47.305,54.504,0.343,4.1136,14.74,7.713,25.93799999999999,0.0,0.686,0.1715,6.0334,21.939000000000004,0.0,12.34,0.0,75.071,10.284,3.656333333333333,0.0,1.714,1.714,4.3533,0.0,NO108,1.0
NO108h2,49.157,12.833333333333334,23.08866666666667,1.719,100.634,1.031,88.86,57.407,4.297,0.859,13.664499999999999,16.93,1.031,10.914499999999999,4.297,6.359,7.563,1.375,55.94575,140.36599999999999,12.317999999999998,53.96933333333333,12.891,7.563,96.53766666666667,48.985,1.375,0.344,4.125,2.922,9.281,1.375,1.203,2.578,0.0,23.891,3.4376666666666664,7.391,10.484,3.094,77.459,2.578,27.758,4.641,281.362,14.953,50.64633333333333,3.6523749999999997,1.547,1.891,19.365,68.407,81.813,3.609,17.36,0.859,2.578,2.234,31.2815,1.547,0.859,26.426,1.891,0.9455,265.549,7.012600000000001,94.017,8.336,0.516,0.688,48.469,20.567666666666664,54.141,22.344,93.673,3.438,18.906,131.314,1.203,0.172,112.579,3.597933333333333,1.891,7.333333333333333,0.859,0.344,6.789,5.93,6.188,0.516,49.12816666666666,1.547,1.203,34.375,1.547,17.875,14.7815,0.859,0.859,8.422,5.156,1.719,0.516,1.547,14.216714285714287,22.516,17.274,4.469,1.5470000000000002,3.953,2.75,1.375,49.500499999999995,0.859,3.609,2.234,1.203,2.75,0.688,14.437750000000001,6.016,11.688,0.688,56.032,103.2115,2.063,0.516,7.563,2.234,35.578,1.719,0.516,91.352,4.8985,18.906,3.266,23.031,4.383,83.704,38.157,45.891,0.516,0.688,9.338999999999999,15.383,381.1365,3.0940000000000003,2.063,19.20725,10.484,1.719,16.844,0.688,43.141,181.7766,44.48733333333334,2.234,1.0314999999999999,220.346,20.281,425.223,0.688,36.61,5.672,13.922333333333333,117.907,63.766,35.235,205.221,140.3375,0.344,1.719,139.564,214.502,44.172,15.297,2.234,10.37,105.36,82.845,0.859,5.4314,36.953,15.8125,27.987166666666667,5.844,0.859,0.9455,8.353399999999999,32.599,1.719,18.906,0.0,164.486,26.469,6.989666666666666,0.859,0.344,1.547,9.5221,1.0,NO108,1.0
NO117f2,127.818,3.6613333333333333,5.492,0.0,15.977,0.0,57.418,95.364,0.0,0.0,4.244,4.244,0.499,2.247,0.0,1.498,2.496,0.0,19.222749999999998,50.59433333333334,4.826333333333333,27.127666666666666,9.486,1.997,312.3876666666667,26.962,0.0,1.498,1.997,1.498,1.498,0.0,1.498,1.498,0.0,4.993,2.163666666666667,1.997,2.496,1.997,52.425333333333334,4.494,2.746,0.499,34.451,8.488,38.94433333333333,2.30925,0.0,1.498,26.462333333333333,24.964,66.905,0.499,4.993,0.0,0.499,5.991,27.4605,0.0,0.0,18.973,0.999,0.0,540.229,5.1926,77.889,1.498,0.0,0.0,18.973,7.988666666666666,35.949,4.494,115.835,3.495,9.986,121.826,0.0,1.498,55.92,2.563066666666666,0.499,2.996,0.0,0.0,2.746,2.7464999999999997,2.996,0.0,33.452333333333335,0.999,0.499,60.913,0.0,5.991,3.495,0.499,3.495,6.491,29.458,0.999,0.499,0.999,9.628857142857143,35.949,5.2425,0.2495,1.498,1.997,0.999,0.999,31.9545,0.999,0.499,0.499,3.495,2.496,1.498,56.54475,4.993,25.963,1.498,43.438,18.4735,1.498,0.999,2.496,2.996,13.481,0.0,0.0,33.702,2.122,7.489,0.0,5.492,2.247,23.467,23.467,23.467,0.0,0.499,2.1636666666666664,2.4964999999999997,644.081,0.0,0.499,52.3005,5.991,0.999,10.485,0.499,24.964,111.74060000000001,62.66049999999999,1.498,2.746,103.353,6.491,285.592,0.499,37.447,6.99,5.658333333333332,111.341,44.936,20.97,129.315,119.33,0.999,2.496,16.476,272.611,27.461,83.88,0.999,8.821,49.929,47.432,0.499,4.693199999999999,4.993,5.4925,30.78933333333333,0.0,0.0,0.2495,5.7918,24.298666666666662,0.499,7.989,0.999,117.832,14.979,1.997,0.0,1.498,0.999,5.8416999999999994,0.0,NO117,2.0
NO117h2,62.22,20.74,25.052333333333333,5.134,82.96,1.643,76.184,63.247,3.08,0.821,15.709,21.5615,0.0,12.937,3.286,11.294,9.857,4.723,95.17875000000001,135.39266666666666,11.978666666666667,77.68966666666667,22.383,10.883,81.45466666666665,56.471,2.259,3.08,8.625,3.696,14.99,0.411,0.411,2.464,0.205,21.972,4.175666666666666,13.348,18.276,2.464,42.507,2.464,20.432,5.134,805.989,42.302,70.84466666666667,4.979749999999999,0.205,1.848,46.27166666666667,67.149,85.014,4.928,23.615,1.848,3.08,4.723,52.158500000000004,1.027,0.616,48.77,0.616,2.1559999999999997,316.851,9.569199999999999,67.765,34.088,0.205,2.67,40.659,20.055666666666667,40.659,10.267,117.664,0.616,21.561,174.34,0.821,1.232,88.915,11.321533333333333,4.107,7.3243333333333345,0.411,0.821,8.6245,9.6515,8.009,2.259,54.896166666666666,0.411,2.67,38.195,1.232,10.473,9.035,0.411,2.053,11.089,9.035,0.821,0.821,0.0,11.23557142857143,19.508,15.093,0.4105,6.6739999999999995,6.16,1.643,0.821,52.056,2.053,10.267,0.205,2.259,1.232,1.232,18.6865,2.67,17.044,1.232,77.621,52.466499999999996,0.616,1.027,13.348,1.437,21.561,0.205,1.232,120.94999999999999,8.0085,18.687,0.205,27.517,3.08,40.453,22.999,35.32,4.928,1.437,15.674999999999999,3.388,151.341,2.156,2.464,12.526250000000001,11.91,1.232,18.071,0.411,43.123,169.2884,18.72083333333333,10.678,1.4375,134.092,19.303,362.438,0.411,25.258,2.67,17.249333333333333,135.94,79.264,43.739,164.894,165.202,8.009,7.393,74.747,271.264,75.568,32.445,2.259,19.644666666666666,84.398,47.846,0.0,5.5852,27.722,10.1645,39.25566666666666,57.497,1.437,2.567,8.5012,59.619,0.205,19.303,0.411,154.627,35.525,4.6546666666666665,0.411,1.437,2.259,9.0557,1.0,NO117,2.0
NO121f2,52.761,12.238333333333335,23.470333333333333,2.737,48.32449999999999,1.321,64.276,68.712,5.097,1.51,2.7840000000000003,17.8385,0.849,15.809000000000001,2.454,9.627,7.551,9.061,44.832499999999996,136.88833333333332,8.463,45.24166666666667,13.497,10.477,81.48533333333334,43.889,2.454,0.189,2.454,5.191,12.459,1.699,1.416,4.153,1.321,10.571,2.4853333333333336,7.456,10.099,3.02,83.75033333333333,1.793,22.605,2.36,172.062,12.459,48.230333333333334,4.36525,0.566,1.793,24.602666666666668,75.885,51.723,1.888,16.517,6.984,4.814,1.038,25.294999999999998,0.849,0.755,21.259999999999998,0.661,3.964,27.655,5.2856,74.564,20.953500000000002,2.36,2.832,37.471,16.611666666666668,47.287,11.043,100.519,1.133,25.861,154.318,1.038,2.36,108.919,3.2973333333333334,1.699,8.148666666666667,0.472,1.133,7.881,7.9755,10.382,3.209,42.1425,1.888,1.133,38.981,1.133,8.4,8.9195,0.944,1.416,4.53,10.005,0.189,0.944,0.849,8.953142857142858,25.767,15.998000000000001,1.1795,5.9465,4.342,0.944,1.133,62.105000000000004,0.472,1.699,0.472,1.793,0.755,0.755,25.247750000000003,6.984,11.609,2.36,50.684,104.0115,0.849,1.038,10.76,1.133,22.275,1.416,2.737,142.33100000000002,5.568499999999999,8.872,1.038,25.673,3.8225,51.911,34.733,41.057,18.122,0.944,9.752666666666668,4.1055,248.797,3.2089999999999996,3.775,10.24075,11.043,1.416,11.232,1.321,52.383,247.49439999999998,52.839499999999994,3.964,0.9435,141.293,20.765,427.938,0.661,28.032,3.398,16.171333333333333,115.715,66.635,31.524,167.721,147.617,3.681,11.704,190.656,200.567,66.163,65.314,5.569,17.429666666666666,52.478,60.028,0.849,4.9643999999999995,55.498,9.202499999999999,37.3135,90.231,3.87,0.8494999999999999,8.721,32.971333333333334,0.283,19.821,0.378,90.326,27.56,6.261,0.661,0.944,1.321,8.825,0.0,NO121,0.0
NO121h2,62.01,19.005333333333333,16.508333333333333,6.243,104.4605,2.497,109.454,71.998,2.913,2.497,17.6875,17.4795,1.665,24.9705,0.832,11.653,9.156,7.075,80.426,155.78833333333333,19.837666666666667,66.86566666666667,21.641,6.243,76.02166666666666,84.484,0.416,0.416,4.578,3.746,9.572,0.0,0.832,3.329,2.081,26.635,4.300666666666667,9.156,12.069,2.497,92.53000000000002,2.081,32.253499999999995,2.497,671.292,24.971,68.39133333333334,6.918875,2.081,0.416,23.86066666666667,42.866,90.31,4.994,26.635,3.329,1.249,2.081,45.363,0.832,2.497,45.46724999999999,0.0,7.4915,211.001,7.324599999999999,99.05,40.5775,1.665,1.665,50.357,37.73366666666667,58.681,14.982,107.79,0.832,19.56,162.725,2.081,1.665,111.951,7.075066666666667,1.665,8.323333333333332,0.0,0.416,6.2425,10.821,9.572,2.081,49.24766666666667,2.081,1.665,34.959,1.249,17.479,26.2195,2.081,0.416,12.069,10.821,0.416,0.416,1.665,14.863428571428573,23.722,32.878,0.0,7.075,5.826,2.913,0.832,57.6405,0.0,11.653,1.249,1.665,0.0,0.416,15.814499999999999,4.994,8.324,2.081,69.085,131.7195,0.832,0.416,9.988,0.832,42.034,0.416,2.913,88.4375,12.58925,10.821,2.081,31.629,4.786,49.109,44.115,42.45,5.41,0.416,21.78,8.1155,286.32899999999995,2.2889999999999997,1.249,11.75725,8.74,1.665,14.982,0.0,53.271,239.218,35.02816666666667,1.249,2.497,206.423,17.479,423.667,0.416,26.219,3.746,13.040333333333336,132.76,69.501,42.034,161.06,173.1295,3.746,1.665,160.228,152.32,86.565,20.393,3.329,14.843666666666666,77.409,80.322,0.416,5.9098,50.773,12.277,35.513666666666666,121.107,7.907,3.7460000000000004,9.572,41.20166666666666,0.416,23.722,2.497,143.581,32.046,4.994,1.249,0.832,2.081,7.1167,1.0,NO121,0.0
NO125f2,32.113,4.448333333333333,3.614666666666667,0.0,32.738,0.417,62.14,65.893,0.0,0.417,3.7535,5.63,0.834,4.796,0.0,4.588,0.417,0.0,17.7245,39.75833333333333,8.063,37.812000000000005,4.17,0.834,228.81866666666667,42.539,0.0,2.085,3.336,0.834,1.668,1.251,0.0,0.417,0.0,3.753,2.919333333333333,0.834,1.668,2.085,76.87533333333333,0.834,3.1279999999999997,0.0,7.924,5.839,58.803333333333335,4.2745,0.417,3.336,19.740333333333332,35.866,63.808,0.0,5.839,0.417,1.251,1.668,16.89,1.251,0.834,20.43525,1.251,0.0,416.211,5.838399999999999,91.333,7.298,1.668,0.417,26.691,9.731,38.785,8.341,90.499,1.668,13.763,155.558,0.417,2.085,60.889,0.8895999999999998,0.0,3.0583333333333336,0.0,1.668,2.2935,4.796,2.502,0.0,18.558333333333334,0.834,0.417,60.055,0.417,4.588,5.004499999999999,0.0,0.417,12.928,15.848,0.417,0.417,1.251,11.260000000000002,35.866,7.09,0.417,1.4595,3.753,0.417,4.17,38.1595,0.0,0.0,0.0,7.507,0.417,1.251,47.3345,9.592,16.682,2.085,37.117,39.4105,1.251,2.085,0.0,2.085,15.431,0.417,0.417,66.5185,1.251,8.758,1.251,2.919,2.711,20.018,32.53,37.951,0.0,0.417,2.0853333333333333,4.5874999999999995,526.3115,0.834,0.0,33.78075,2.919,1.251,10.426,2.085,47.543,248.3924,44.554333333333325,2.085,0.6255,148.885,13.763,369.502,0.0,39.619,4.588,11.26,95.92,78.822,28.359,143.047,180.164,1.668,1.668,57.135,389.938,50.88,121.36,0.417,12.650333333333334,61.306,93.001,2.085,5.255,28.776,6.2555,30.861166666666673,0.834,1.251,0.417,5.505,33.08533333333333,1.251,12.928,0.0,126.782,9.175,2.641,0.0,0.417,2.919,6.2556,0.0,NO125,1.0
NO125h2,18.577,14.406666666666666,17.81866666666667,3.791,119.992,1.137,93.643,69.379,4.17,1.516,16.492,18.956,0.379,14.786,0.758,12.132,4.549,2.275,57.342,93.01100000000001,13.901000000000002,90.10433333333333,13.269,4.549,46.25266666666667,97.434,3.033,1.896,4.929,1.137,4.929,0.0,0.0,1.137,1.137,34.879,5.307333333333333,4.17,7.582,0.0,76.96166666666667,3.033,12.7005,0.758,284.72,18.956,105.26933333333334,5.402500000000001,0.758,1.137,28.686999999999998,66.725,109.566,4.549,14.027,0.379,2.654,6.066,38.4805,1.137,1.137,42.74575000000001,0.379,0.379,197.901,6.9758,103.879,38.86,0.379,1.137,50.423,21.736,58.385,12.132,96.297,1.516,18.198,208.896,0.379,0.0,105.016,4.7516,0.758,3.5386666666666664,1.137,0.0,5.118,7.393,4.549,0.758,74.49716666666667,0.379,1.896,45.115,1.896,10.615,13.4585,1.516,0.379,14.786,9.478,0.758,0.0,0.758,16.35614285714286,23.885,16.871000000000002,1.327,7.772,6.445,2.654,3.033,53.456,0.0,6.066,0.379,4.17,2.275,2.654,8.8145,4.17,5.687,0.0,49.665,88.525,1.137,0.758,6.066,6.824,26.159,0.0,0.379,97.813,4.83375,20.093,0.758,10.995,3.791,69.0,38.291,58.385,0.0,2.654,14.533,6.445,323.5795,2.8434999999999997,1.516,7.0135000000000005,4.549,1.516,15.165,0.0,57.247,337.56919999999997,11.247166666666667,5.687,1.1375,231.264,23.126,559.962,2.654,45.874,4.929,22.241666666666664,139.137,105.775,43.22,238.846,204.1565,4.549,5.687,111.082,281.687,56.868,28.813,0.758,12.258333333333333,79.995,88.714,0.758,7.582599999999999,73.929,7.203,33.61516666666667,11.753,1.137,2.275,9.250399999999999,49.41233333333333,0.379,20.093,0.0,158.473,23.126,4.549333333333333,0.379,1.896,5.687,10.5395,1.0,NO125,1.0
NO131f2,91.577,2.162333333333333,7.886,0.382,27.664,0.763,49.986,105.695,0.763,1.526,2.862,9.539,1.526,4.0065,0.382,5.724,2.289,0.382,26.519000000000002,42.227,6.232666666666668,28.61766666666667,4.579,3.053,240.516,29.381,0.0,0.763,1.908,0.382,1.526,1.145,1.908,0.382,1.908,1.908,2.035,0.763,1.145,0.382,58.25299999999999,2.671,4.9605,0.763,39.683,9.539,41.845666666666666,3.481875000000001,0.763,0.382,26.328333333333333,25.947,49.222,0.763,9.158,0.0,0.763,2.671,17.934,0.0,0.763,10.684,0.763,0.0,497.567,4.502400000000001,69.064,4.1975,0.0,0.0,31.289,12.464666666666666,36.631,4.579,105.695,4.197,7.25,132.023,0.0,2.289,47.696,1.8826000000000003,3.434,2.671333333333333,0.0,0.382,2.2895,2.2895000000000003,1.145,0.0,33.32383333333333,0.763,0.382,57.617,0.763,6.105,4.5785,0.382,1.526,5.342,21.368,0.382,1.526,0.382,10.084428571428573,44.644,7.4405,0.3815,1.7169999999999999,3.434,0.763,1.145,64.4855,2.289,0.382,0.382,1.145,1.526,1.145,39.4925,9.158,24.802,0.382,46.17,24.611,0.763,0.382,2.289,0.382,14.881,0.382,0.0,46.17,2.09875,4.579,0.382,2.289,1.7175,27.473,19.842,23.657,0.0,0.0,1.399333333333333,3.2435,631.4975000000001,0.954,0.0,54.469,3.053,0.0,13.736,0.763,35.486,151.1778,59.90633333333333,1.526,1.1445,109.51,14.118,247.639,0.0,36.249,14.118,11.956000000000001,102.261,57.617,32.433,130.497,167.318,1.145,1.145,30.907,400.648,45.407,119.05,1.908,12.973666666666666,30.144,47.696,1.908,3.9682000000000004,12.973,6.296,29.889666666666667,0.0,2.289,1.5265,7.0207999999999995,30.271333333333335,0.0,14.5,4.96,77.077,17.171,1.526,0.382,1.526,1.145,7.6315,0.0,NO131,2.0
NO131h2,42.266,15.394666666666666,23.232333333333333,2.239,46.1845,0.84,112.522,68.017,3.919,2.519,24.7715,29.529999999999998,1.679,14.835,1.4,12.036,3.079,3.639,81.94225,138.7396666666667,23.232,63.25866666666666,13.995,7.557,34.895,68.577,0.28,0.28,5.878,3.359,10.356,3.079,1.959,1.959,0.56,20.153,6.0646666666666675,3.919,19.034,0.28,92.46166666666664,1.12,24.631999999999998,1.959,258.912,33.868,52.43533333333334,7.102500000000001,0.56,0.28,41.425999999999995,43.945,90.409,1.679,50.383,1.12,2.239,1.679,59.899499999999996,0.56,4.758,34.918,0.28,1.5395,179.419,9.964599999999999,134.634,40.726,0.0,1.12,47.864,34.334666666666664,55.421,23.792,90.969,1.4,10.636,150.309,0.84,1.12,113.081,9.759333333333338,3.919,6.438,0.84,0.56,6.438000000000001,8.257,2.519,1.12,63.072,1.12,2.239,35.268,1.12,19.313,23.512,0.28,1.679,10.916,9.517,0.84,0.28,3.359,17.194,29.11,20.713,0.42000000000000004,4.8985,7.837,5.318,1.12,69.696,0.84,10.636,0.84,1.679,0.28,1.4,13.575500000000002,3.079,7.837,0.28,90.409,115.8805,1.4,0.84,10.077,2.239,41.706,0.28,0.84,61.998999999999995,7.2775,27.431,1.959,10.636,6.438000000000001,74.735,45.345,44.505,3.359,0.28,20.712999999999997,7.977,268.9885,2.7990000000000004,1.12,7.3475,6.998,1.679,20.993,0.84,45.904,184.9048,37.274166666666666,16.514,1.5395,295.299,22.952,458.764,0.84,52.902,3.079,20.899666666666665,124.837,66.897,39.746,198.732,133.2345,2.519,1.959,125.397,245.196,80.053,20.713,3.639,17.16766666666667,65.498,71.935,2.239,6.941799999999999,45.345,16.934,35.548166666666674,38.347,1.679,2.659,9.517,59.153,0.28,34.148,3.919,156.187,47.864,4.851333333333334,1.12,1.4,2.799,12.092,1.0,NO131,2.0
NO135f2,53.29,5.885000000000001,5.231,0.0,25.500999999999998,0.0,83.368,79.118,0.654,0.327,7.193,4.577,0.981,2.125,0.654,5.558,3.923,0.327,9.31775,75.522,14.167000000000002,25.500666666666664,7.846,1.962,225.912,38.905,0.327,1.962,2.615,0.654,2.942,1.308,0.981,0.654,0.327,4.904,3.3786666666666663,0.981,3.923,10.462,62.66266666666667,3.269,6.212,0.654,17.981,9.808,44.02733333333333,3.514625,0.327,3.923,13.077333333333334,36.617,54.271,0.0,12.424,0.0,0.981,4.25,24.1935,0.981,0.981,32.6935,0.0,0.4905,286.722,5.427000000000001,102.658,11.443,0.0,1.635,22.885,6.538666666666668,44.463,10.462,93.503,0.981,10.789,140.255,0.654,2.289,54.271,1.8964000000000003,0.327,2.7243333333333335,0.0,0.981,3.7595,3.106,2.615,0.0,28.116333333333333,0.327,1.308,50.348,0.0,6.866,8.500499999999999,0.981,1.308,11.77,18.962,0.654,0.981,0.654,11.956714285714286,41.194,6.7025,0.327,0.1635,1.962,0.327,1.308,41.193999999999996,1.635,6.866,0.654,2.289,0.327,0.981,16.592,12.424,16.02,1.308,37.271,31.5495,2.289,0.327,1.308,2.289,17.001,0.981,0.0,53.617000000000004,3.75975,13.731,0.981,3.596,2.6155,17.981,27.136,32.04,0.0,1.635,1.1986666666666668,4.0865,897.6,1.308,0.0,3.18775,3.269,0.327,7.193,0.654,47.732,147.9706,100.25999999999999,1.308,1.6345,142.871,14.712,372.706,0.327,48.059,8.827,7.192666666666668,96.119,48.713,19.943,161.179,114.427,1.308,0.654,27.789,425.996,41.194,108.869,0.0,10.788666666666666,61.464,83.368,0.654,5.492400000000001,9.808,7.8465,23.15816666666666,2.942,0.654,0.1635,4.969600000000002,33.89233333333333,1.962,9.481,0.654,134.697,11.116,1.417,0.654,0.0,0.327,4.8713999999999995,0.0,NO135,0.0
NO135h2,40.953,9.041666666666666,17.462666666666667,5.585,82.4385,0.798,141.741,59.568,4.255,3.457,11.700999999999999,20.0775,1.596,18.748,2.659,9.042,5.053,13.828,78.31675,174.71666666666667,21.097333333333335,121.17599999999999,23.668,7.18,81.02033333333333,79.513,2.393,0.266,18.083,1.862,9.574,1.596,0.266,1.862,0.532,28.986,4.166,9.308,7.18,4.787,67.98966666666666,3.723,29.384999999999998,1.862,366.984,25.795,67.01466666666666,5.817375,0.798,2.659,24.377,65.951,76.056,1.33,40.953,0.798,2.127,1.862,50.526500000000006,1.064,0.532,37.097500000000004,1.33,7.579000000000001,257.687,6.861199999999999,110.893,49.197,0.0,1.33,28.986,14.626,61.696,12.233,83.768,0.532,13.031,169.664,2.393,2.925,119.403,10.0168,2.393,5.318666666666666,0.266,1.064,7.047000000000001,13.6955,9.574,2.393,15.557,0.532,2.659,34.837,0.266,10.371,22.205,1.862,1.064,11.967,7.978,1.862,0.0,1.596,13.524571428571429,21.54,14.7595,0.399,5.452,6.382,1.33,0.798,46.405,0.266,17.817,2.393,1.862,1.064,1.064,7.37975,2.925,8.244,1.33,48.665,87.358,1.596,0.0,8.776,0.532,41.485,0.266,0.798,106.372,9.373999999999999,20.743,0.798,22.072,4.654,80.577,63.026,53.718,21.54,1.064,29.429666666666666,10.77,309.1445,2.2605,2.925,2.99175,10.371,1.33,8.51,1.33,59.568,198.3308,43.52416666666667,7.712,1.4625,183.226,14.892,463.251,0.266,49.995,1.596,14.005666666666665,97.331,65.685,22.338,197.852,147.1925,2.925,2.127,82.438,358.74,64.355,90.416,1.33,10.725999999999999,77.386,65.685,1.862,9.467200000000002,26.593,10.371500000000001,26.859166666666667,46.272,9.308,0.665,6.3824,31.468333333333334,1.33,24.732,1.33,146.794,21.274,5.3183333333333325,0.266,0.266,0.0,7.1801,1.0,NO135,0.0
NO146f2,74.246,12.406666666666666,24.072,0.29,48.239999999999995,0.58,78.016,80.529,2.707,0.29,15.371,14.501,1.45,10.779,0.677,7.637,1.353,0.483,33.64225,70.53966666666666,12.470999999999998,32.708,10.827,2.514,118.45766666666667,41.376,0.097,0.29,2.804,0.967,3.964,2.127,0.967,0.773,0.967,6.09,3.6413333333333333,1.933,5.994,6.767,87.00666666666667,1.547,23.346999999999998,1.063,51.044,9.087,48.36933333333334,3.685625,1.16,0.967,27.80966666666667,41.86,66.995,0.193,12.084,0.387,0.967,1.74,22.0415,1.257,0.29,38.573,0.677,0.2415,232.404,5.452399999999999,99.091,13.341,1.547,0.677,47.467,18.625666666666664,49.884,14.308,94.837,2.61,15.758,130.51,0.773,1.643,94.16,1.6110666666666664,1.257,3.8343333333333334,1.45,1.16,3.722,3.577,3.094,0.097,32.48233333333334,0.58,1.063,44.47,0.87,14.888,14.6945,1.45,0.773,8.991,12.568,0.87,0.677,1.933,13.962428571428571,34.126,7.782,2.2235,3.577,2.514,3.48,1.257,33.2075,2.224,1.353,0.29,6.477,0.87,1.547,28.0355,4.834,11.118,0.967,41.183,86.765,1.45,1.257,3.867,2.61,29.002,0.483,0.58,65.1585,4.592,17.111,1.547,6.961,3.48,58.488,40.023,46.403,0.0,0.677,8.217333333333334,7.0085,451.3225,1.2085,0.193,25.3045,3.094,0.87,19.528,0.773,47.564,194.93339999999998,53.52516666666667,6.767,1.305,198.182,19.238,413.571,1.063,46.5,4.834,16.177,109.338,66.318,29.292,193.348,134.232,0.483,1.837,127.61,166.859,59.068,45.533,1.45,14.082,58.198,84.203,1.16,6.399800000000001,49.207,12.3745,31.209333333333333,4.157,1.353,0.5800000000000001,10.1314,27.74533333333333,1.547,20.592,0.0,126.353,34.029,4.576,0.87,1.063,0.967,7.8307,0.0,NO146,1.0
NO146h2,61.515,16.007,22.736333333333334,2.869,76.86800000000001,1.594,90.839,58.434,2.975,0.85,8.446,19.9205,2.656,11.0495,0.531,8.606,1.381,2.55,42.6835,92.75133333333333,12.784666666666665,34.458666666666666,9.349,3.825,100.54233333333333,41.435,0.106,1.487,1.912,1.594,3.294,1.487,0.212,0.85,1.275,6.162,3.6476666666666673,2.762,2.444,6.693,69.838,2.019,18.274,0.956,147.36,5.737,57.124,3.771625,0.531,1.381,33.39633333333334,43.666,68.74,0.319,14.449,0.106,0.956,2.975,20.398500000000002,1.062,1.912,33.387,0.956,0.6375,246.167,6.310600000000001,82.977,8.818000000000001,0.956,0.0,50.678,19.47833333333333,49.191,15.512,96.151,0.85,15.83,133.549,0.744,0.744,93.282,1.6786,1.169,4.1433333333333335,0.956,1.594,3.984,3.3995,2.55,0.106,56.00800000000001,0.637,1.594,35.698,0.319,15.193,15.8305,1.381,0.637,15.405,8.606,1.275,0.531,0.956,15.481285714285715,32.936,8.020999999999999,3.2935,3.5595,3.612,2.975,1.7,43.081999999999994,1.275,0.85,0.531,7.756,0.425,0.956,23.852,4.887,11.899,1.912,47.279,83.561,0.744,0.212,2.762,0.637,30.067,0.319,0.106,62.737,4.728,10.518,0.744,11.049,3.453,39.523,44.41,41.86,0.425,0.531,3.86,7.0120000000000005,669.3375,2.125,0.744,17.02575,4.781,1.381,19.868,0.956,43.666,200.24880000000002,29.89,4.037,0.6375,195.383,19.124,390.022,0.744,49.085,6.481,12.607666666666667,96.682,65.871,32.298,207.07,138.861,1.169,0.425,142.686,190.814,41.435,48.978,2.337,10.305666666666667,64.384,90.414,1.169,7.713199999999999,62.153,13.493,27.517166666666668,8.712,1.275,0.956,10.1358,26.06533333333334,2.019,21.143,0.212,126.643,36.76,6.2683333333333335,1.062,0.106,1.594,9.264500000000002,1.0,NO146,1.0
NO150f2,58.786,1.9320000000000002,9.935666666666668,0.0,23.183,0.0,49.678,81.969,0.0,0.0,2.07,5.796,3.312,11.5915,0.0,6.624,1.656,0.0,21.32025,35.602666666666664,6.347666666666666,32.842999999999996,7.452,0.828,181.60066666666668,28.151,0.0,0.828,0.828,0.828,1.656,4.14,0.0,0.0,0.0,4.968,1.9319999999999997,2.484,2.484,8.28,80.58866666666667,3.312,14.0755,1.656,8.28,3.312,33.394666666666666,4.450375,0.0,0.0,15.455333333333334,23.183,45.538,0.828,4.14,0.0,1.656,2.484,12.0055,0.0,1.656,14.48925,0.828,0.0,344.434,5.2989999999999995,67.893,4.968,0.828,0.0,42.226,10.487666666666668,44.71,7.452,69.549,4.968,6.624,115.087,0.0,0.0,59.614,0.6072000000000001,0.0,2.2079999999999997,1.656,0.0,3.726,2.898,0.0,0.0,18.491333333333333,0.0,0.0,54.646,0.828,21.527,8.693999999999999,1.656,2.484,6.624,14.075,0.828,0.828,0.0,12.301285714285715,26.495,4.140000000000001,0.828,0.414,1.656,0.828,0.0,26.909,0.0,0.0,0.0,4.14,0.0,0.0,34.98175,4.968,14.075,0.0,28.979,40.9845,1.656,1.656,0.828,0.0,26.495,2.484,0.0,31.049,2.484,9.936,0.828,5.796,2.07,38.086,25.667,28.151,0.0,0.828,1.1039999999999999,1.656,529.4835,1.242,0.0,21.52725,4.968,0.0,10.764,0.0,39.742,120.05500000000002,71.75716666666666,4.14,1.242,142.41,10.764,291.444,0.0,40.57,8.28,6.623666666666666,85.28,38.086,16.559,221.895,110.1195,0.0,2.484,92.732,176.357,30.635,102.668,1.656,8.831666666666667,30.635,99.356,0.828,5.1335999999999995,14.075,8.2795,24.977,8.28,0.0,0.414,5.2989999999999995,26.218666666666664,2.484,14.075,0.0,83.625,19.871,8.831666666666667,1.656,0.0,0.0,8.776599999999998,0.0,NO150,2.0
NO150h2,38.776,18.204666666666665,47.696,0.0,69.0865,1.092,85.743,58.437,3.823,0.0,11.469000000000001,22.938000000000002,0.0,14.1995,3.277,9.83,3.277,0.0,29.21825,52.065333333333335,14.927666666666667,47.514,23.484,5.461,106.86066666666666,55.706,0.546,2.185,5.461,1.638,7.646,2.185,0.546,0.546,1.638,3.277,5.279333333333334,6.554,6.554,2.731,60.257000000000005,1.638,17.4765,2.185,13.653,18.023,53.52133333333333,5.051749999999999,1.638,0.0,37.137,72.636,63.352,0.546,13.107,1.638,0.0,1.638,21.026,2.185,3.277,25.9415,0.0,0.0,317.305,5.1335999999999995,120.696,14.7455,0.546,0.0,60.075,9.830333333333334,62.806,18.569,73.182,1.092,18.569,160.564,0.546,4.369,107.589,0.5824666666666667,2.185,4.3693333333333335,2.731,0.546,6.8265,4.6419999999999995,5.461,0.0,21.6635,0.546,2.185,38.776,1.638,19.115,15.0185,2.731,1.092,12.561,3.277,1.638,1.092,2.731,13.809285714285712,25.668,12.015,1.365,0.546,0.546,2.731,1.638,43.418000000000006,3.277,0.0,2.731,4.369,0.546,1.638,26.2145,7.646,10.377,3.823,50.791,88.47399999999999,2.185,0.546,8.192,0.0,20.207,1.638,0.0,111.9585,3.823,28.399,0.0,15.292,7.0995,74.275,39.322,61.167,0.546,1.638,9.466333333333333,8.465499999999999,290.81800000000004,1.3655,0.0,19.251250000000002,11.469,0.0,20.207,0.546,46.968,160.7828,60.62116666666666,6.554,1.6385,181.864,7.646,414.518,1.092,55.16,3.277,14.017666666666669,109.774,87.928,19.661,279.622,131.892,0.0,13.653,155.103,175.31,40.96,73.728,2.731,14.563666666666668,57.891,98.305,0.546,8.1922,36.591,15.0185,25.12216666666667,10.377,2.185,0.819,12.997800000000002,31.311666666666664,1.092,18.023,3.277,123.427,43.145,6.371666666666667,0.0,1.092,1.638,14.1451,1.0,NO150,2.0
NO22f2,36.512,5.305,4.837,0.0,38.6185,0.0,53.364,74.429,0.468,0.468,1.8725,6.7875,2.341,4.447,0.936,4.213,0.936,0.468,15.447500000000002,41.037,6.085333333333334,38.696666666666665,6.085,0.936,236.70466666666664,41.193,0.0,2.341,2.809,1.404,2.809,0.468,0.468,0.468,0.468,1.404,3.276666666666667,0.936,0.468,1.404,77.23733333333334,0.468,2.8085,0.936,8.894,3.745,54.611999999999995,3.9787500000000002,0.468,1.404,18.724333333333334,34.172,61.79,0.0,5.617,0.0,0.468,3.745,17.5535,2.809,0.468,23.288,0.936,0.0,431.592,5.055400000000001,92.216,9.128,0.468,2.809,25.746,9.362,41.661,4.681,102.515,2.809,14.043,129.665,1.404,0.468,59.917,0.5929333333333333,0.468,2.808666666666667,0.468,1.872,2.5745,5.3835,1.404,0.0,17.865666666666666,0.468,0.0,56.641,2.341,1.872,4.6815,0.468,0.936,7.958,14.511,0.0,0.0,0.0,12.036857142857142,35.108,5.149,1.1705,0.9359999999999999,3.745,1.404,1.872,40.257000000000005,0.0,0.468,0.468,4.213,1.872,1.404,44.937749999999994,7.958,20.128,3.277,34.172,37.214,2.809,0.936,1.872,2.341,14.979,1.404,0.936,63.6625,2.9255,7.958,0.0,4.681,3.0425,22.469,27.618,27.618,0.0,0.936,1.5603333333333333,3.2765,530.1274999999999,0.936,0.0,37.33149999999999,2.809,0.936,9.83,1.404,50.087,250.6228,47.20066666666668,0.936,0.936,158.687,13.107,372.611,0.936,39.789,5.617,10.61,108.132,68.343,22.469,146.048,182.7945,0.0,0.468,45.874,390.399,44.938,111.877,0.468,11.858333333333334,55.704,71.62,0.0,5.617399999999999,40.257,7.7235,31.752999999999997,1.404,0.936,0.0,4.3066,36.512,0.468,18.724,0.468,112.345,8.894,2.6526666666666667,0.0,0.936,4.213,7.489700000000001,0.0,NO22,0.0
NO22h2,14.5,17.795333333333332,16.587333333333333,2.966,123.58,0.989,78.103,60.307,3.625,1.318,15.8185,19.9375,0.659,12.5225,1.648,10.545,5.602,3.625,55.94050000000001,94.58,13.511666666666668,95.78833333333334,13.511,4.614,52.508,96.557,3.625,1.977,9.557,1.318,6.261,0.33,0.0,0.33,0.659,30.648,4.943333333333333,5.273,7.58,0.989,80.95833333333333,0.659,18.948999999999998,0.33,267.592,22.08,112.59500000000001,5.3965,1.318,1.977,25.485333333333333,65.58,107.103,2.966,12.523,0.659,1.977,4.284,40.864000000000004,1.318,1.318,41.769999999999996,0.659,0.8240000000000001,200.035,6.0638,123.58,38.2275,0.33,0.659,65.58,21.090999999999998,60.637,10.545,78.432,0.659,16.477,215.524,1.648,0.989,109.41,4.5478,1.648,4.613666666666667,0.33,0.659,3.955,8.568,4.943,0.659,77.16883333333332,0.989,0.989,46.796,0.659,10.545,11.2045,0.989,1.648,15.489,10.875,0.0,0.0,0.659,13.841,16.807,15.983,0.33,5.7669999999999995,5.602,1.318,3.955,57.341,0.659,5.273,0.33,4.943,1.318,1.648,8.23875,5.602,6.92,1.318,48.443,75.9605,0.989,2.966,3.295,2.636,21.421,0.33,0.989,93.097,3.9547500000000007,18.784,0.0,8.898,4.7785,64.262,42.841,53.387,0.659,1.318,16.587,10.875,316.0355,2.801,0.33,5.272749999999999,8.568,0.659,18.455,0.0,49.432,326.2512,11.094833333333334,4.943,1.1535,227.387,17.466,563.196,1.648,49.432,2.966,22.299666666666667,146.648,108.75,48.443,244.524,200.85850000000002,3.955,3.625,116.989,303.183,63.932,29.989,0.659,11.314666666666666,82.716,88.648,0.989,6.590999999999999,71.512,9.392,32.954666666666675,7.58,0.989,1.483,10.2158,47.564666666666675,0.989,20.432,0.659,145.66,21.421,4.833333333333333,0.0,0.989,8.898,10.644200000000001,1.0,NO22,0.0
NO27f2,115.441,3.921,7.709666666666667,0.199,27.415,0.399,63.403,86.332,0.199,0.0,3.5885,10.268,1.595,7.6765,0.598,4.785,0.997,0.0,19.639,34.227000000000004,5.117333333333333,21.798999999999996,4.187,1.994,219.58466666666666,32.1,0.199,0.199,2.991,0.598,1.794,0.798,1.396,0.798,0.798,2.991,1.8613333333333333,1.794,0.997,9.969,72.57433333333333,2.791,8.175,0.598,9.57,6.978,40.208333333333336,2.6417500000000005,0.598,0.0,23.992,28.511,57.621,0.199,4.386,0.0,0.598,2.791,21.233999999999998,0.997,0.0,20.586,0.598,0.0,262.186,5.104000000000001,72.774,4.785500000000001,1.994,0.199,40.275,14.155999999999999,40.076,8.374,97.697,1.396,12.162,123.815,0.399,1.595,79.752,0.9436666666666668,0.399,3.5886666666666667,0.399,0.598,1.6949999999999998,3.7885,2.393,0.0,36.187333333333335,0.598,1.196,66.194,0.0,10.168,5.5825,1.794,1.196,6.978,19.739,0.199,0.997,1.196,9.228428571428571,44.263,4.087,2.0934999999999997,0.39849999999999997,1.994,1.396,0.598,34.9915,0.997,0.598,0.598,1.595,1.196,1.595,47.103750000000005,6.779,19.539,0.997,42.269,36.786,0.997,2.592,0.997,2.592,17.944,0.598,0.0,42.867,3.3895,6.779,2.193,4.386,1.894,18.941,33.695,35.689,0.0,1.196,1.861,3.2895,564.347,1.3955,0.0,45.75775,2.193,1.396,12.96,1.595,34.692,169.47359999999998,95.73599999999999,1.396,0.4985,148.14,16.748,356.293,0.399,42.069,6.978,13.026333333333334,109.261,52.238,21.932,155.916,140.8625,0.0,0.997,81.945,211.942,45.259,79.752,0.997,13.624333333333333,46.655,62.007,0.598,6.6592,31.502,9.4705,28.411666666666672,1.196,0.997,0.1995,8.733,25.12166666666667,0.798,19.539,0.0,76.762,22.131,4.3196666666666665,0.598,0.598,1.595,5.3632,0.0,NO27,1.0
NO27h2,69.885,20.173000000000002,27.665999999999997,4.179,106.77250000000001,1.441,91.499,70.606,4.035,1.153,13.256499999999999,26.441000000000003,1.729,15.058,0.72,9.798,3.458,4.179,50.64849999999999,107.39733333333334,13.160333333333334,32.99733333333333,11.672,5.62,71.374,49.28,0.72,0.432,2.017,1.585,4.899,1.729,1.009,1.297,1.729,8.646,5.139666666666667,4.899,4.611,8.646,74.304,2.161,23.631,1.585,206.341,6.052,62.344,5.4035,0.576,0.0,38.42466666666667,58.79,76.946,0.72,17.868,0.0,0.576,3.891,27.9545,2.017,1.441,39.949749999999995,1.009,1.081,222.48,5.6482,88.329,13.1125,1.441,0.72,63.401,26.945333333333334,51.873,16.138,92.796,0.576,16.859,136.888,2.161,1.585,104.467,2.411266666666667,1.297,5.907666666666667,2.882,1.009,5.2595,3.8905000000000003,3.891,0.432,77.44983333333333,0.432,2.305,39.049,1.009,20.029,17.5795,0.72,0.576,11.527,11.383,0.576,1.297,1.585,14.018142857142857,39.337,11.3115,3.7460000000000004,1.2245,3.026,6.196,1.441,69.88499999999999,1.153,0.865,1.297,0.144,0.288,1.873,23.199,5.764,9.942,0.576,53.17,82.061,1.009,1.297,5.476,1.441,25.072,0.0,0.144,83.502,5.2235,14.265,1.873,16.138,4.0345,43.948,48.559,47.262,0.72,0.576,5.907666666666667,8.6455,322.912,2.0895,1.297,18.84025,5.187,2.45,20.893,2.305,47.551,161.6438,32.613,1.585,0.21599999999999997,221.183,24.064,463.691,0.432,46.542,4.035,17.867666666666665,108.934,57.061,37.752,217.724,133.214,0.865,1.009,184.439,198.704,51.729,32.277,3.026,16.186666666666664,90.202,72.767,0.72,7.291199999999999,80.26,17.9395,34.9665,15.562,1.873,0.9369999999999999,12.680000000000001,33.04533333333334,2.161,24.352,0.0,160.52,50.433,6.196000000000001,1.585,0.865,0.576,9.625200000000001,1.0,NO27,1.0
NO32f2,96.947,2.4926666666666666,7.3,0.267,29.111,0.534,46.204,106.562,1.068,1.068,4.273,10.282,0.801,3.472,1.87,5.341,2.671,0.267,30.6465,36.94533333333333,5.964666666666666,30.001,5.876,3.739,249.62366666666665,25.906,0.0,0.801,1.335,1.602,2.671,0.534,0.801,1.335,0.801,1.602,1.780333333333333,1.87,2.671,2.137,54.126666666666665,2.137,4.006,0.801,35.788,9.615,39.526666666666664,3.0048749999999997,0.267,0.534,26.173000000000002,34.185,42.465,1.068,7.745,0.0,0.534,3.739,20.431,0.534,1.87,10.415750000000001,0.267,0.0,501.028,5.9292,60.091,4.273,0.0,0.801,25.906,11.128,37.657,4.54,114.04,4.54,9.615,114.307,0.267,2.404,55.284,1.6556666666666666,0.801,3.116,0.0,2.671,2.9375,3.472,1.068,0.0,34.8975,0.0,2.137,54.483,0.801,5.341,4.273,0.534,1.335,5.341,18.428,1.068,1.335,1.068,9.919857142857142,45.936,4.407,0.1335,2.4035,3.472,0.801,0.267,68.90450000000001,0.801,0.267,0.267,0.267,1.602,1.068,42.664750000000005,8.012,22.167,0.801,45.135,28.8435,0.534,1.87,3.205,1.068,15.49,0.534,0.534,52.479499999999994,1.86925,6.143,0.0,2.938,1.469,24.037,21.633,29.378,0.267,0.534,1.4243333333333332,2.27,612.6640000000001,0.9345,0.0,54.41625,4.006,1.068,11.751,0.267,30.179,154.2074,59.201166666666666,2.404,0.6675,96.68,13.354,255.588,0.534,35.521,8.546,11.929000000000002,99.084,50.744,31.782,135.94,168.122,0.801,0.801,28.577,414.496,56.619,131.934,1.068,12.819666666666665,27.508,47.005,0.0,4.5936,16.024,6.2765,28.487666666666666,0.801,1.068,0.9345000000000001,7.050800000000001,33.205999999999996,0.0,11.217,5.341,74.78,15.49,2.4926666666666666,0.0,1.068,1.068,8.0389,0.0,NO32,2.0
NO32h2,43.303,15.100333333333333,23.095,2.532,46.9005,0.933,103.794,73.016,5.729,2.265,24.383,26.314999999999998,2.532,15.789000000000001,2.398,8.394,4.264,3.731,82.909,133.55133333333333,20.874333333333336,66.57600000000001,17.055,8.661,34.464999999999996,71.417,0.533,0.666,6.129,3.731,8.527,2.398,0.933,2.931,0.799,22.651,5.107666666666667,4.397,22.784,0.799,86.16233333333332,0.666,25.249,2.532,266.081,32.377,51.25333333333333,8.211,0.666,0.0,39.57233333333333,44.502,82.076,3.065,43.037,0.799,2.798,1.732,56.027499999999996,0.666,3.464,33.51,0.133,0.666,188.935,11.3256,123.381,38.64,0.266,0.933,43.969,32.55466666666667,61.157,23.051,98.465,2.132,14.656,147.098,1.066,0.933,108.458,9.708800000000002,4.663,7.816666666666667,1.066,0.666,5.3965,8.1945,4.397,0.133,66.57600000000001,1.066,3.065,41.171,2.265,15.323,20.6525,0.4,1.466,8.927,9.46,1.199,0.533,2.398,16.92157142857143,28.38,21.785,0.3995,6.0625,6.529,4.93,0.266,72.483,0.666,9.993,0.4,0.4,0.266,1.066,12.4245,4.797,10.792,0.266,88.339,113.4545,1.599,0.4,6.662,1.599,45.169,0.266,0.799,62.89,6.662,27.448,0.666,10.26,4.930000000000001,68.352,47.567,48.899,2.132,1.066,18.742333333333335,7.728,271.6775,2.1985,0.933,7.361500000000001,7.861,1.199,20.519,0.133,43.836,187.7362,35.84166666666666,15.323,0.9325000000000001,273.943,26.648,447.155,0.666,49.299,1.865,18.831333333333333,119.65,60.491,37.307,202.792,128.577,1.865,3.331,125.246,254.623,73.815,24.783,4.53,17.676666666666666,74.881,64.089,1.599,8.4472,39.173,13.524,39.35033333333333,33.177,0.933,3.0645,8.634,59.381,0.933,30.912,1.599,183.606,42.903,5.018666666666666,1.199,0.933,1.732,11.112299999999998,1.0,NO32,2.0
NO37f2,116.075,5.040333333333334,5.123333333333333,0.39,38.549499999999995,0.532,75.111,75.076,1.242,1.029,1.4555,6.3005,0.958,6.0695,1.171,6.496,3.124,0.071,14.047749999999999,71.82166666666667,6.3773333333333335,13.654666666666666,7.277,2.449,134.107,24.883,0.177,0.355,1.242,0.781,2.343,0.745,0.497,0.639,0.781,1.42,0.9816666666666668,1.065,2.236,1.384,119.92033333333335,2.059,4.2595,1.491,28.539,8.235,38.67966666666667,3.949,1.1,0.0,11.867666666666667,21.937,47.743,1.349,3.798,0.745,0.497,1.065,19.470000000000002,1.313,0.816,10.14325,0.532,0.0175,0.0,4.1388,74.224,7.862500000000001,1.278,0.213,42.632,14.967666666666666,40.289,8.555,89.168,1.81,11.714,125.836,0.923,0.39,72.591,1.2636,0.0,2.6266666666666665,0.816,0.319,4.3125,3.6384999999999996,1.704,0.0,14.926500000000003,0.142,0.461,40.218,2.201,7.88,6.3185,2.414,1.136,4.402,9.407,0.958,1.171,0.816,7.951142857142857,23.818,9.957,0.621,0.745,0.745,0.71,1.597,38.035,0.958,0.035,0.71,1.313,0.816,0.923,35.18625,6.389,20.482,0.958,23.96,78.28800000000001,0.816,0.674,2.201,1.207,17.606,4.615,0.426,55.6235,4.11775,8.839,1.42,5.502,3.443,31.805,25.913,18.352,0.071,0.248,0.40199999999999997,1.6505,237.296,0.8695,0.0,16.21325,2.201,3.869,11.927,1.065,49.731,168.3758,50.57716666666667,1.988,1.5265,140.639,15.299,382.088,0.568,29.533,7.49,5.939666666666667,95.522,47.211,22.895,162.789,121.9135,0.532,0.745,180.998,164.528,41.034,38.053,0.142,9.903666666666666,30.314,74.366,0.532,4.124599999999999,19.985,11.3415,27.237833333333338,1.881,0.958,0.6385000000000001,5.2888,17.476333333333333,0.248,17.18,1.065,54.559,14.341,3.052333333333334,1.242,0.603,1.384,5.5126,0.0,NO37,0.0
NO37h2,155.5,12.384333333333332,15.489666666666666,2.036,63.304,1.488,79.473,76.771,4.228,3.719,11.607500000000002,13.956499999999998,0.626,13.291,2.31,9.944,7.086,8.3,42.731249999999996,109.68299999999999,10.870333333333333,49.51066666666667,21.493,8.574,27.534666666666666,56.375,2.701,1.37,4.15,3.054,9.631,0.9,2.114,2.858,0.783,16.09,2.0616666666666665,7.243,6.068,1.605,102.649,1.566,15.815999999999999,2.388,359.31,24.155,55.03033333333334,6.503500000000001,1.174,0.0,24.612,43.573,52.186,5.363,14.289,7.712,2.31,1.605,41.8505,1.096,2.701,25.182750000000002,0.509,5.2655,0.0,7.571600000000001,60.759,23.724,2.036,2.153,58.41,30.693,36.761,8.417,106.681,1.566,23.02,149.706,0.861,0.391,92.079,4.799666666666667,1.331,7.869,0.431,1.174,8.3975,8.0845,11.549,2.231,35.12933333333333,0.626,0.352,36.918,2.192,20.318,13.350000000000001,1.879,1.527,3.641,5.794,0.431,1.527,0.861,8.070428571428572,32.337,29.7925,0.998,6.4205000000000005,4.228,1.214,0.626,52.910000000000004,0.783,2.623,0.861,1.605,1.449,0.666,7.14475,2.936,8.534,1.801,44.121,89.9645,0.47,1.331,9.67,1.566,24.742,2.231,5.207,127.704,8.95525,7.947,0.587,33.198,3.778,50.228,35.038,32.807,7.399,0.587,9.383000000000001,6.029,177.2275,1.9575,1.801,2.799,9.944,2.78,18.126,0.979,55.944,211.33440000000002,16.0705,4.306,1.5659999999999998,120.305,24.586,381.664,0.705,27.718,3.21,16.194666666666667,99.673,54.535,32.181,163.721,147.181,2.31,0.587,206.55,169.046,64.361,11.51,2.036,14.406666666666666,25.643,70.312,0.235,6.859,55.396,10.472,34.327000000000005,33.472,6.342,2.6814999999999998,7.9396,31.89366666666667,0.196,18.792,2.74,44.982,28.383,4.8806666666666665,0.822,0.626,1.605,7.4030000000000005,1.0,NO37,0.0
NO40f2,42.536,6.728666666666666,9.452333333333334,0.0,30.0395,0.961,76.661,65.606,0.481,0.721,2.283,12.136000000000001,2.163,6.729,0.24,6.969,0.961,0.0,16.041249999999998,59.35766666666667,9.372333333333332,34.925666666666665,4.085,1.202,167.901,39.652,0.0,0.481,3.605,0.24,0.24,1.923,0.481,0.481,0.721,3.605,2.563333333333333,1.202,1.923,7.209,106.21966666666668,0.24,15.14,0.481,29.799,5.768,49.665,2.9740000000000006,1.442,0.481,16.822333333333333,51.908,61.761,0.24,7.45,0.0,0.961,2.163,23.551,0.961,0.24,10.03325,0.721,0.12,202.827,6.1522,119.677,5.287,1.682,0.721,38.691,11.134666666666666,50.466,10.814,71.855,0.721,10.814,113.189,0.961,1.923,69.932,1.8745333333333334,0.481,3.6046666666666667,2.403,0.481,2.043,4.806,0.721,0.0,12.256166666666665,0.0,1.682,58.397,1.923,13.217,10.454,0.24,0.721,9.132,12.737,1.682,0.961,0.0,11.432285714285713,30.76,7.9305,1.322,0.12,2.643,1.202,0.721,33.284,0.961,0.24,1.682,0.481,2.163,2.643,26.855500000000003,7.209,9.853,0.481,47.823,66.3275,0.961,0.961,1.202,1.202,32.443,1.202,0.24,50.1055,4.32575,14.179,2.163,1.923,3.4845,40.373,31.241,47.342,0.24,1.923,3.364333333333333,5.287,582.286,1.802,0.24,20.487000000000002,1.442,1.202,7.93,0.961,36.768,177.161,66.32733333333333,1.202,0.721,205.951,11.055,379.219,0.481,49.745,7.209,14.098666666666666,98.77,46.862,31.001,149.236,137.3405,0.24,0.961,85.072,268.673,37.489,154.523,0.721,10.494,79.064,104.297,2.403,5.9596,17.062,11.7755,29.598833333333335,0.721,0.481,0.12,6.680999999999999,23.79133333333333,2.884,17.783,3.124,164.617,17.543,1.922666666666667,0.721,0.721,2.643,5.815600000000001,0.0,NO40,1.0
NO40h2,24.548,24.625,26.613333333333333,4.359,104.38799999999999,1.606,128.937,49.785,5.506,0.918,6.9975,23.401,1.147,24.778,2.065,11.471,5.047,3.212,73.1865,180.71033333333332,26.230999999999995,170.692,11.701,6.883,55.82633333333334,80.069,1.377,0.688,6.424,1.606,7.112,0.918,0.918,1.147,1.147,25.696,4.817666666666667,4.818,5.736,2.753,88.17566666666666,0.688,62.8625,3.671,638.718,11.701,61.71533333333334,9.836750000000002,1.835,0.0,21.566,108.059,76.398,2.524,38.773,3.441,2.524,3.441,30.972,2.983,1.835,34.586,0.688,8.489,158.303,9.9572,119.301,40.9525,0.0,3.9,50.015,27.454333333333334,53.456,15.601,72.728,1.147,20.189,170.692,3.441,0.918,149.355,5.949666666666667,4.13,8.182666666666666,0.918,0.0,4.474,20.5335,5.277,1.147,13.26833333333333,1.606,2.065,33.496,0.459,14.224,37.7405,1.147,1.147,15.371,6.194,0.688,0.229,1.606,17.796714285714284,16.06,9.521,2.065,6.4239999999999995,6.883,0.688,1.606,46.917,0.918,9.636,1.147,0.918,0.229,2.065,13.191749999999999,5.277,3.671,1.147,68.369,138.5725,1.147,0.688,3.671,2.294,41.985,1.147,2.983,115.286,13.65075,22.713,0.688,12.848,4.818,75.251,44.738,72.269,10.095,1.147,43.13166666666667,12.159500000000001,166.67649999999998,2.409,0.688,9.979750000000001,4.588,1.377,13.307,1.606,55.75,265.0314,39.461166666666664,8.718,1.3765,237.225,20.878,551.537,0.0,44.738,2.524,13.841666666666667,96.129,75.251,33.037,186.752,165.4155,2.524,3.671,218.412,250.532,62.862,80.299,4.13,14.606333333333334,112.877,134.443,1.147,7.6168000000000005,43.361,16.404,29.748833333333334,28.219,3.9,5.3915,10.186600000000002,34.41366666666667,0.459,21.107,1.835,186.522,18.125,3.0589999999999997,1.377,0.688,1.835,9.452399999999999,1.0,NO40,1.0
NO47f2,64.099,3.396666666666667,4.711666666666666,0.0,23.6675,0.329,82.507,62.784,0.657,0.0,2.794,5.9165,1.972,4.109,0.329,3.287,2.958,0.0,16.68225,58.291666666666664,9.971,21.476,3.945,1.972,188.02366666666668,23.667,0.0,0.0,2.301,0.329,4.602,1.644,1.972,0.329,0.986,2.301,2.3009999999999997,0.329,1.315,8.547,79.439,0.986,13.97,0.0,9.204,3.945,30.679999999999996,3.4513750000000005,0.657,2.63,16.98333333333333,37.802,47.663,0.0,7.889,0.0,0.657,0.986,22.024,1.315,1.972,30.241500000000002,1.644,0.1645,458.883,5.7196,74.289,5.424,0.0,0.0,32.214,13.477333333333334,43.061,11.505,69.03,1.972,8.875,99.271,2.63,0.0,70.673,1.1833333333333336,0.329,3.396666666666667,2.958,1.315,2.794,2.465,1.315,0.0,17.531333333333333,1.315,0.657,41.746,1.315,4.931,8.217500000000001,1.315,0.986,6.574,10.848,1.644,0.0,4.931,11.833428571428572,43.061,5.917,0.6575,1.1505,2.958,0.986,0.329,26.1325,0.657,0.329,0.986,1.972,0.329,1.972,38.952749999999995,7.889,21.366,1.315,47.006,36.32299999999999,1.315,1.644,1.644,1.972,34.186,1.315,0.0,43.3905,4.191,14.135,3.616,2.958,1.1505,32.871,33.529,33.529,0.657,0.329,1.4246666666666667,1.6435,507.532,0.822,0.0,40.18525,2.301,0.329,8.875,1.315,24.653,116.5616,137.45666666666668,0.657,0.493,165.671,9.204,318.522,0.657,44.047,8.218,5.588333333333334,79.877,39.774,13.477,142.332,111.762,0.657,0.986,67.715,272.174,31.885,139.374,0.986,9.532666666666668,40.103,75.933,1.315,4.2734000000000005,35.172,11.176,28.707666666666668,1.315,0.329,0.493,4.9963999999999995,21.037666666666667,2.301,17.093,0.0,111.434,14.135,4.273000000000001,0.986,1.644,0.329,6.4099,0.0,NO47,2.0
NO47h2,47.129,27.582333333333334,31.419666666666668,3.692,76.6665,0.0,110.547,68.848,5.43,2.172,19.438,24.6505,2.389,15.42,0.217,9.556,4.561,5.43,52.776,146.745,22.732,101.49799999999999,13.466,8.905,47.274,62.767,0.869,0.434,4.561,2.823,12.162,1.52,0.869,3.909,1.955,19.981,3.981666666666667,6.298,6.298,7.819,76.30466666666666,0.434,49.41,1.52,401.576,12.597,61.608,7.11275,1.52,4.778,28.740666666666666,99.037,70.585,2.606,50.604,0.652,4.127,2.172,35.1845,2.606,1.303,48.16075,1.303,2.4975,204.806,8.1664,81.227,54.948,0.217,2.172,50.17,32.36066666666667,63.201,22.37,82.748,1.303,16.94,143.125,1.955,1.086,140.302,6.197066666666666,3.475,7.312,4.344,1.955,9.23,8.036,3.258,0.652,64.86616666666667,0.869,1.303,31.058,0.434,16.723,36.1615,1.955,0.434,12.814,8.036,0.869,0.434,3.041,19.01928571428571,29.537,16.0715,1.629,7.276,4.995,5.212,1.086,52.449999999999996,1.086,5.43,0.652,2.823,0.652,1.52,8.7415,6.298,8.47,0.434,75.798,108.593,0.869,0.652,11.076,2.172,47.346,0.217,5.212,107.2895,8.25325,21.501,2.606,19.112,4.452,103.598,55.817,52.342,3.041,0.652,22.514999999999997,7.058999999999999,212.733,4.1265,1.086,8.6875,9.122,0.869,16.289,0.869,46.695,177.61419999999998,51.907333333333334,10.859,0.3255,244.768,16.94,403.314,0.217,42.568,0.434,15.203000000000001,101.86,61.246,29.103,211.104,128.3565,1.086,8.036,201.983,267.79,62.549,34.533,5.212,15.130666666666665,88.395,98.168,0.869,6.7326,73.409,16.3975,33.22933333333333,31.492,1.737,1.7375,10.3814,35.980333333333334,1.086,26.497,0.0,197.204,37.573,4.778,1.52,0.217,0.652,9.7299,1.0,NO47,2.0
NO48f2,97.744,2.301,7.751333333333334,0.0,20.529999999999998,0.0,63.951,82.119,0.363,1.09,5.814,10.719,0.363,5.632,0.0,2.544,0.727,0.0,27.43375,24.708333333333332,6.177333333333333,12.112,3.997,1.817,178.65166666666664,24.708,0.0,0.0,3.634,0.363,0.363,0.0,0.727,0.363,1.09,1.817,1.5743333333333334,0.363,1.817,2.544,51.11266666666666,0.727,7.085500000000001,0.363,11.264,5.45,43.239666666666665,3.58825,0.727,0.727,15.261000000000001,20.711,43.24,0.0,2.18,0.363,0.363,4.36,24.1635,0.363,1.09,24.345000000000002,0.363,0.0,438.574,3.6336,65.405,5.2684999999999995,2.544,0.727,35.246,7.388333333333333,35.246,7.631,83.209,1.09,7.631,107.918,0.363,2.544,55.594,0.9203333333333332,0.363,1.938,0.0,0.363,1.4535,2.5435,0.363,0.0,28.947666666666667,0.363,3.634,49.78,0.727,7.994,4.1785,0.363,3.634,6.54,12.718,0.363,0.0,0.363,8.149571428571429,35.609,5.814,0.3635,0.545,2.907,2.18,0.363,51.234,2.18,1.09,0.0,3.27,1.453,1.09,28.342,8.357,18.531,1.09,33.429,24.7085,2.18,0.727,0.727,2.18,12.718,0.0,0.0,79.3935,2.5435,13.808,1.453,1.817,2.907,34.519,22.892,22.165,0.0,1.817,1.8166666666666664,2.362,297.591,0.545,0.0,14.352999999999998,1.09,0.727,10.537,2.544,39.243,131.4634,37.789500000000004,4.36,1.8165,120.999,17.805,345.554,0.363,33.429,7.631,7.388333333333333,78.486,44.693,26.525,142.437,124.4505,0.363,0.0,51.96,171.505,34.882,59.954,0.363,9.810666666666666,45.783,64.678,0.363,4.2874,23.255,4.9055,21.195833333333333,0.363,0.727,0.1815,7.558,22.770333333333337,0.363,17.805,0.0,134.443,15.261,2.9066666666666667,0.363,0.727,1.817,4.069599999999999,0.0,NO48,0.0
NO48h2,103.533,8.299000000000001,15.007666666666665,2.075,49.795,0.83,111.832,76.975,2.282,2.282,13.694,28.217499999999998,1.037,17.636,1.037,9.129,2.697,4.357,83.822,120.20066666666666,20.402333333333335,51.455000000000005,10.374,5.602,67.56933333333333,63.489,1.245,1.037,4.565,2.075,5.602,0.622,1.037,1.66,0.622,21.578,2.904666666666667,2.697,6.017,3.32,71.304,3.527,24.69,1.452,369.73,24.068,67.22366666666667,8.402875000000002,1.452,1.867,42.67166666666666,37.969,90.047,1.452,45.853,1.037,2.075,3.32,48.757999999999996,1.037,1.66,32.26325,0.415,1.0374999999999999,316.408,8.5898,92.329,35.894,0.83,1.037,63.697,20.816999999999997,53.53,17.221,128.638,0.415,17.221,154.78,1.66,1.66,105.608,5.422133333333333,1.452,7.677,1.245,0.622,3.9425,9.543999999999999,2.697,1.66,81.36683333333333,1.66,1.245,41.911,0.207,18.051,21.163,0.0,0.83,10.167,8.922,1.452,0.83,2.075,13.841857142857142,28.425,18.776999999999997,1.3485,3.7345,6.432,2.697,0.83,79.36149999999999,0.83,10.789,0.622,0.622,0.207,1.867,21.474249999999998,4.98,12.449,0.415,54.567,72.5145,0.415,0.622,5.394,0.207,28.01,0.0,0.415,71.9955,6.38,22.615,0.415,10.789,4.2535,78.843,44.193,37.139,1.66,2.075,10.512333333333332,4.668,170.964,2.0745,1.452,7.936,6.432,0.83,17.843,1.66,53.115,196.31799999999998,23.929333333333336,8.507,1.556,192.957,18.881,521.813,0.83,37.554,4.15,14.454333333333333,129.675,58.924,41.911,241.3,135.485,2.075,0.0,108.927,191.505,71.581,25.728,4.15,14.731000000000002,104.985,80.917,1.245,8.547999999999998,63.904,13.3825,32.95466666666667,44.816,2.075,1.8675000000000002,7.303,36.862,0.622,19.918,0.207,205.198,31.745,5.601666666666667,2.697,0.207,0.415,7.6975,1.0,NO48,0.0
NO50f2,111.106,2.6453333333333333,5.708000000000001,0.0,20.8845,1.253,46.364,81.867,0.0,0.0,4.3855,5.0120000000000005,0.418,1.671,0.418,3.342,2.924,0.0,17.333999999999996,48.034333333333336,2.6453333333333333,26.036333333333335,4.177,1.671,318.0013333333333,30.491,0.0,0.418,2.924,1.253,4.177,0.0,1.253,0.835,0.835,6.265,2.2276666666666665,2.088,5.012,2.506,52.072333333333326,4.177,5.0120000000000005,0.418,42.604,12.531,43.300666666666665,2.558125,0.418,2.506,28.124666666666666,25.061,50.123,0.0,7.518,0.0,1.253,7.101,23.3905,0.0,0.0,17.12525,0.418,0.0,544.668,4.0934,65.577,3.968,0.0,0.418,19.631,11.138333333333334,35.921,5.43,125.307,1.253,8.771,116.536,0.418,0.418,59.73,2.2274666666666665,1.253,2.0886666666666667,0.0,0.0,2.0885,3.1325,2.088,0.0,31.118,0.418,0.418,58.059,0.0,6.683,2.0885,1.253,2.924,8.354,26.732,0.418,1.671,0.0,10.621285714285715,45.946,4.177,0.0,2.924,0.418,1.671,0.418,30.0735,0.418,3.342,0.0,2.924,2.088,1.253,55.65725,7.518,25.479,0.0,33.415,17.543,1.671,0.418,4.177,1.671,10.442,0.835,0.0,39.054,1.984,7.936,0.0,8.771,0.6265,25.061,18.378,22.555,0.835,0.0,1.9493333333333334,2.2975,616.3019999999999,1.2530000000000001,0.418,52.0025,5.012,0.418,12.531,0.835,27.568,112.1916,64.25466666666668,1.671,2.2969999999999997,96.486,9.189,259.803,0.0,28.821,10.025,9.049999999999999,104.005,47.199,16.708,138.673,117.58,0.418,2.924,15.872,289.459,30.909,110.27,0.418,7.100666666666666,49.705,43.022,0.418,3.1745999999999994,7.101,4.803,27.84599999999999,0.418,0.0,0.0,5.5134,24.92233333333333,0.0,10.025,0.0,118.624,12.531,3.481,1.253,1.671,2.088,5.221299999999999,0.0,NO50,1.0
NO50h2,59.571,20.156333333333333,20.655333333333335,6.286,81.873,0.898,84.717,64.361,6.286,0.599,13.4705,17.8115,0.898,13.470500000000001,2.095,10.477,10.178,2.395,94.8195,125.52833333333335,13.071666666666665,86.71199999999999,18.56,7.783,82.22200000000001,48.495,3.293,2.095,6.885,4.49,10.178,0.898,0.599,1.796,0.898,19.757,4.889333333333334,13.77,19.458,4.191,40.21266666666667,6.286,16.3145,4.79,845.07,42.807,77.033,4.003625,0.599,1.197,45.701,68.851,73.94,4.49,20.955,0.898,3.293,3.293,54.332499999999996,0.299,0.599,50.141749999999995,0.299,1.4965000000000002,317.014,8.202000000000002,63.762,33.827,0.599,1.197,47.597,20.755,38.317,9.879,125.728,0.0,20.955,156.561,0.299,0.599,101.48,11.075933333333332,3.592,5.588,0.0,0.599,8.382,11.225999999999999,9.579,2.994,54.23266666666667,0.599,1.197,30.235,1.197,10.178,7.1845,0.898,1.497,12.273,8.382,0.299,0.898,0.0,11.888428571428571,20.057,14.369,0.599,8.0825,5.388,1.197,0.599,52.8355,0.599,10.477,0.299,2.994,1.497,0.898,19.75725,3.293,16.764,1.197,81.424,50.739999999999995,0.599,1.497,10.477,0.599,18.56,0.0,1.197,126.77550000000001,7.034750000000001,17.961,0.0,29.636,3.7415000000000003,34.725,25.445,36.82,5.987,0.898,16.464000000000002,1.9455,146.38299999999998,1.796,2.095,12.1985,12.573,0.898,12.273,0.299,41.909,168.95420000000001,19.75733333333333,10.178,1.9455,113.454,20.955,357.127,0.599,20.955,3.892,17.761333333333337,128.123,74.838,43.107,168.236,170.032,11.076,6.586,67.055,269.716,76.634,34.725,3.293,18.759333333333334,84.417,42.807,0.299,4.7894,23.948,7.783,40.3125,59.87,0.299,2.694,8.381799999999998,57.775,0.0,15.267,0.299,169.433,37.718,4.889,0.599,0.898,1.197,8.7409,1.0,NO50,1.0
NO51f2,88.95,4.148666666666666,4.453666666666667,0.0,30.107499999999998,0.732,62.777,88.584,0.183,0.183,1.1895,6.772,1.83,5.1245,0.183,4.942,0.549,0.0,13.08625,53.87033333333333,6.710666666666666,36.05533333333334,4.942,0.732,157.88899999999998,40.448,0.0,2.928,3.844,0.183,1.098,1.281,1.281,0.366,0.549,5.125,2.1350000000000002,0.366,0.366,1.281,92.73199999999999,2.196,8.6935,0.366,9.883,4.942,44.475,2.036,0.732,3.477,29.894333333333332,33.127,60.581,0.183,14.276,0.183,0.549,1.281,19.2175,0.732,0.915,17.3415,1.098,0.0,428.277,4.0996,84.191,5.673500000000001,1.464,1.098,34.958,10.920333333333334,48.684,10.249,98.101,1.464,8.968,133.059,0.732,0.183,68.451,1.2445333333333333,0.549,4.8196666666666665,0.366,1.098,3.569,3.2944999999999998,1.464,0.0,21.749166666666667,0.732,0.732,58.385,0.183,7.687,9.1515,0.549,1.464,8.602,16.289,0.915,1.281,0.915,11.948714285714287,44.475,5.125,1.7385000000000002,2.837,1.281,0.549,0.549,28.9175,1.647,0.732,0.366,2.928,0.732,1.464,51.93325,8.419,26.172,2.379,28.735,54.0835,0.915,2.379,0.915,6.04,24.159,0.183,1.647,34.866,3.02,9.151,1.464,3.294,2.654,39.167,30.382,22.512,0.0,0.549,1.8303333333333331,3.4775,754.5174999999999,1.3724999999999998,0.0,28.734750000000002,1.281,0.732,11.348,0.183,38.801,184.7446,74.79583333333333,2.379,1.464,172.592,13.727,381.972,1.098,36.788,6.223,10.371333333333334,89.865,51.064,17.387,166.369,114.39,0.183,1.464,71.746,236.833,32.761,118.783,0.732,12.750666666666666,51.064,88.035,1.83,5.3812,19.767,7.504,31.4495,1.281,0.549,0.366,6.1128,23.610000000000003,0.915,15.191,0.183,101.212,25.806,5.0633333333333335,2.013,0.732,2.196,6.9547,0.0,NO51,2.0
NO51h2,81.886,14.211666666666666,14.775666666666666,3.722,70.72,0.677,88.315,82.901,1.861,3.384,7.9515,23.4325,2.199,16.3265,1.015,8.967,1.015,1.523,48.175749999999994,117.24566666666668,15.621666666666668,52.391333333333336,12.858,4.568,46.86466666666667,69.366,0.338,2.707,8.459,1.353,4.06,2.538,1.184,1.523,1.692,13.873,3.722,3.891,6.26,0.169,86.96166666666666,1.523,21.0635,0.677,188.812,23.348,70.77633333333334,6.005999999999999,0.677,4.23,40.605000000000004,81.04,85.608,0.846,27.916,1.692,0.677,2.538,53.97,0.338,1.184,35.10625,1.353,0.2535,281.864,6.158200000000001,126.72,21.402,0.508,0.677,56.001,18.385,55.155,20.641,117.584,1.523,16.242,203.7,0.338,0.508,88.484,3.6768666666666667,1.353,7.387999999999999,0.338,0.0,7.1905,7.1905,2.707,0.677,59.72283333333334,1.353,1.353,41.62,1.184,15.227,18.526,0.338,2.199,8.798,9.982,1.184,1.184,1.523,14.211714285714285,30.792,11.6735,2.0305,5.1605,5.414,1.523,1.015,57.5235,0.677,8.628,1.015,0.677,1.015,1.015,23.1785,3.215,12.689,1.861,45.173,69.3665,0.846,2.369,3.215,0.677,29.269,0.677,3.045,85.862,4.22975,16.58,0.0,5.922,5.414,86.454,42.804,44.496,1.861,1.015,9.023333333333333,5.6674999999999995,260.97,2.1995,0.677,15.269,6.26,0.169,23.855,0.338,62.261,209.7234,28.930666666666667,5.922,1.438,230.939,25.04,510.097,0.677,44.327,2.538,19.400000000000002,132.642,78.333,39.928,217.404,150.745,1.692,1.692,110.309,240.414,68.351,45.68,1.353,15.170333333333334,62.091,91.699,1.015,8.0872,46.188,14.211500000000001,38.34883333333334,32.145,0.338,1.184,7.4441999999999995,42.409000000000006,0.508,28.762,0.338,151.591,29.777,5.864999999999999,0.846,1.353,2.199,11.183099999999998,1.0,NO51,2.0
NO56f2,90.425,3.613666666666667,5.3053333333333335,0.0,33.217,0.692,56.515,88.118,0.0,0.461,1.9605000000000001,7.843,0.923,5.6515,0.692,3.921,0.231,0.0,13.37925,51.748333333333335,6.305333333333333,32.83266666666667,5.767,1.615,152.092,40.137,0.231,2.537,3.229,0.461,0.692,1.615,0.461,0.231,0.461,5.998,2.3833333333333333,1.845,0.0,1.615,87.04100000000001,0.231,8.42,0.0,12.918,10.15,45.827333333333335,2.9121249999999996,0.461,3.921,29.526333333333337,34.601,49.595,0.0,10.611,0.0,0.0,3.691,25.8355,1.615,0.923,21.452749999999998,0.923,0.0,412.216,4.797999999999999,89.271,5.5360000000000005,1.615,0.461,33.679,11.533666666666667,40.368,10.38,88.81,3.229,8.535,131.023,1.153,0.231,68.741,1.1072666666666668,0.923,3.767666666666667,0.461,1.845,3.6905,2.1915,0.923,0.0,21.837166666666672,0.461,0.923,52.825,0.0,7.151,7.6125,0.461,0.923,8.304,16.609,1.615,0.461,1.153,11.50057142857143,43.136,5.9975000000000005,1.9605,2.422,1.384,0.923,1.153,27.7965,0.692,0.231,1.615,1.845,0.231,1.153,54.842999999999996,9.458,28.834,0.692,32.525,53.0555,1.845,2.999,1.384,3.921,23.76,1.153,1.153,35.9855,3.287,11.303,0.461,3.46,2.537,38.292,29.296,25.374,0.0,0.692,2.3066666666666666,3.6905,760.7665,1.73,0.0,29.00725,1.153,0.461,12.456,0.461,41.291,183.75560000000002,76.73816666666667,2.999,1.615,165.855,15.917,381.537,0.231,41.522,7.612,10.303333333333333,92.962,55.823,19.838,163.318,116.1445,0.231,0.0,65.512,240.363,32.987,128.717,0.231,12.149000000000001,48.672,84.658,1.845,7.0588,17.531,7.266,30.718333333333334,3.921,0.923,0.1155,7.428,21.914,0.461,15.686,0.0,116.26,26.758,4.690333333333334,0.692,0.0,2.076,6.8741,0.0,NO56,0.0
NO56h2,78.9,14.590000000000002,14.653666666666666,3.839,74.389,0.768,91.378,79.86,3.072,3.455,10.846499999999999,26.684,2.112,16.7975,0.576,10.366,3.264,1.536,46.313250000000004,115.11833333333334,13.757666666666665,49.272333333333336,15.742,4.991,46.00900000000001,73.717,0.576,1.92,6.527,0.96,4.031,1.536,0.96,1.344,1.152,11.518,3.9676666666666662,2.496,7.103,0.0,85.17133333333332,0.96,23.6125,0.768,195.427,19.773,65.97433333333333,5.663375,1.152,2.112,40.058,76.596,76.405,0.768,28.22,0.96,0.768,3.072,53.272,0.384,1.536,37.9145,0.384,0.768,288.341,5.721,126.317,20.829,0.0,1.152,58.551,19.005333333333336,64.118,15.742,102.129,2.112,16.701,199.842,0.96,0.384,87.923,4.159600000000001,2.496,5.375,0.192,0.384,5.3755,7.391,3.264,0.0,58.71133333333333,1.344,2.112,45.881,0.768,14.782,16.4135,1.152,2.688,12.094,11.71,1.536,1.536,1.728,14.727000000000002,28.22,14.013499999999999,1.344,4.799,7.679,1.728,1.152,57.2075,0.384,7.295,0.192,1.536,0.384,0.768,22.70075,3.455,12.862,0.768,51.064,71.41300000000001,1.344,3.264,2.304,1.728,30.715,2.304,4.991,86.675,3.9835,16.126,0.576,5.951,3.8395,75.445,39.162,49.721,2.112,0.576,8.447000000000001,7.103000000000001,257.241,2.016,0.96,17.3255,3.839,1.152,21.885,0.96,57.015,215.2382,27.580000000000002,3.839,1.1520000000000001,238.236,22.461,496.629,1.152,50.488,3.264,15.805666666666667,129.389,80.628,35.899,227.294,159.528,1.152,1.536,114.223,243.611,74.293,41.85,1.92,15.613666666666667,59.703,101.745,0.576,7.102799999999999,38.97,17.1815,39.22633333333333,29.564,1.536,0.6719999999999999,7.0262,42.61766666666667,0.192,20.925,0.0,132.652,28.22,5.311,0.192,4.799,0.576,11.0576,1.0,NO56,0.0
NO68f2,85.992,4.723,6.107333333333333,0.0,31.391499999999997,0.733,68.158,61.807,0.733,0.0,11.3595,10.138,0.489,5.863,0.244,5.619,1.71,0.0,12.1535,64.331,11.237666666666664,22.393666666666665,10.749,2.932,130.94166666666666,31.758,0.0,0.733,3.42,1.221,2.687,1.221,0.733,1.466,0.733,2.443,1.7100000000000002,2.199,2.199,3.42,79.31433333333334,2.687,6.718,0.0,28.338,11.726,42.01866666666667,2.992625,0.489,3.42,15.390333333333333,22.231,57.165,0.0,19.055,0.0,1.954,4.153,22.7195,1.954,0.977,16.91725,1.954,0.122,411.392,4.397200000000001,74.51,5.6185,0.733,0.489,36.888,16.530666666666665,39.82,10.016,100.649,5.619,8.55,117.506,0.244,1.71,68.402,2.231266666666666,1.221,3.176,0.733,0.977,2.9314999999999998,4.1530000000000005,2.199,0.0,23.167333333333332,0.733,1.954,50.569,1.954,12.459,8.794500000000001,0.977,2.199,6.596,13.68,1.221,1.221,2.443,9.632428571428571,33.957,6.718,0.3665,0.6105,2.687,1.221,0.733,31.025,0.977,1.221,0.244,2.687,0.244,1.71,22.78025,6.596,25.162,0.733,46.905,46.416000000000004,1.221,1.466,3.909,2.443,22.475,0.0,1.466,44.828,2.382,15.635,0.977,7.329,2.1984999999999997,43.484,34.934,23.452,0.0,0.244,1.6286666666666665,2.3205,345.799,2.1985,0.244,14.78,2.687,0.977,10.505,0.489,36.156,137.44019999999998,59.770833333333336,3.42,0.2445,162.212,16.612,308.055,1.221,35.178,7.085,7.41,89.9,39.82,21.009,155.86,118.483,0.0,3.42,72.8,315.14,42.996,104.069,1.466,9.527333333333333,55.699,61.074,0.977,5.1302,17.589,8.0615,32.20600000000001,0.0,0.733,0.733,4.837200000000001,32.083999999999996,0.733,20.765,1.71,105.047,15.146,3.176,1.466,4.153,1.466,6.205,0.0,NO68,1.0
NO68h2,47.748,19.029666666666667,18.545333333333335,1.868,77.019,2.284,94.457,54.806,4.982,0.208,12.3525,20.4485,1.246,14.0125,1.661,10.38,6.643,8.927,78.88749999999999,144.212,20.89833333333333,97.57166666666667,25.119,7.889,47.955333333333336,60.204,1.246,0.623,7.058,3.322,9.965,0.623,1.453,3.322,0.415,27.818,4.152,8.719,6.436,1.661,85.738,3.114,35.292,2.076,599.545,34.254,63.179333333333325,4.74875,0.83,0.415,22.420666666666666,53.976,85.323,3.529,43.181,1.661,2.076,1.453,54.910000000000004,1.453,2.284,33.683,0.83,3.3215000000000003,287.317,9.0512,88.645,25.223,0.0,2.076,55.014,27.680000000000003,63.11,16.4,100.27,3.114,20.137,157.36,0.623,0.83,101.516,8.677600000000002,3.114,8.927,1.038,0.623,4.982,13.494000000000002,7.889,2.284,63.35233333333333,1.453,0.415,29.894,1.038,19.929,24.912,0.415,1.038,9.965,7.681,1.453,0.415,1.453,12.159428571428572,19.722,21.3825,0.415,4.9825,3.737,3.114,0.623,50.0315,0.208,8.304,1.246,0.623,1.661,0.623,12.300249999999998,3.322,8.512,0.623,59.581,92.2775,0.83,1.453,9.965,1.038,48.163,0.0,2.699,89.994,7.162,20.137,1.038,33.008,4.7749999999999995,78.265,56.882,41.727,7.889,0.623,17.784333333333333,7.577500000000001,173.2415,2.3875,3.114,7.0065,8.096,0.415,13.909,0.83,42.973,161.1382,45.083499999999994,7.058,0.0,245.589,23.459,428.899,1.661,41.727,3.322,9.688,119.992,55.014,39.236,226.49,127.46549999999999,1.246,4.775,147.81,269.463,61.242,40.897,3.322,7.6116666666666655,81.794,77.85,1.868,9.881799999999998,30.932,11.6255,36.43383333333333,51.9,2.491,2.076,8.0548,51.553666666666665,0.415,28.649,5.813,157.36,24.704,6.366333333333333,0.623,4.567,4.36,8.034099999999999,1.0,NO68,1.0
NO73f2,58.107,1.9793333333333332,7.492999999999999,0.0,27.7815,0.0,47.504,61.925,1.697,0.424,1.9085,8.907,0.848,6.15,0.848,2.545,1.272,0.0,15.587,30.25533333333333,6.361999999999999,28.98266666666667,10.179,1.697,188.177,19.935,0.0,0.424,1.272,0.424,1.272,0.424,0.424,0.0,0.0,2.121,2.120666666666667,1.272,1.697,5.09,62.34866666666667,1.272,8.483,0.0,2.969,7.21,40.57633333333334,2.544625,1.272,0.848,15.834333333333333,28.842,34.355,0.424,8.483,0.424,0.0,1.272,13.997,0.848,0.424,14.102749999999999,0.0,0.0,345.251,4.7505999999999995,83.98,4.6655,2.121,0.0,44.111,9.896666666666667,37.749,5.09,65.742,0.848,8.483,95.856,0.424,2.545,71.68,0.8765333333333333,0.848,3.9586666666666672,1.272,0.0,2.3325,2.3325,0.848,0.0,14.420833333333334,0.0,0.424,37.749,1.272,22.055,8.271,1.697,1.697,6.362,13.148,2.545,0.0,1.272,9.028142857142857,27.569,5.726,1.0605,0.424,1.697,0.848,0.424,28.8415,0.848,0.0,0.424,1.697,0.0,1.697,35.946,6.362,13.148,1.272,21.631,37.74850000000001,0.848,1.272,0.424,0.848,17.39,0.424,0.424,28.4175,2.1205,5.938,0.848,1.697,1.6965,34.355,21.631,24.176,0.0,0.848,0.8483333333333333,2.9690000000000003,482.2485,1.06,0.0,25.7665,1.272,0.424,7.635,0.848,35.628,123.17060000000001,68.64016666666666,2.969,0.848,127.666,11.452,309.623,0.424,36.476,2.969,5.089666666666666,78.042,41.566,15.269,205.284,106.2475,0.0,1.272,69.135,177.291,31.811,88.645,0.848,6.220333333333333,41.99,76.77,2.121,6.956,16.966,9.543,27.851833333333335,8.059,1.697,1.0605,6.5318,21.065666666666665,1.272,14.421,0.424,86.525,19.935,5.938,0.424,1.697,1.272,8.6524,0.0,NO73,2.0
NO73h2,46.439,13.741333333333335,40.47866666666667,0.0,55.503,1.242,77.729,53.641,4.222,0.0,12.2925,23.218999999999998,1.242,11.5475,3.725,9.437,4.967,0.248,32.097500000000004,63.49100000000001,13.410333333333332,51.24,27.317,6.953,117.46266666666666,48.674,0.0,1.987,5.712,1.738,6.953,0.745,0.745,0.993,1.49,3.725,4.966666666666666,5.96,5.215,1.738,59.02100000000001,1.738,17.2595,2.235,13.162,18.377,55.296,3.8801250000000005,1.242,0.248,36.174,68.789,61.091,0.0,8.692,0.248,2.235,1.49,23.5915,0.745,1.49,25.08175,0.497,0.124,311.91,6.9036,105.791,15.6455,2.732,0.0,55.876,11.837333333333332,63.326,20.115,78.226,0.497,16.39,159.432,0.993,2.98,108.274,0.6123999999999998,0.993,4.056,4.222,0.993,6.705,3.8495,3.725,0.0,21.315333333333335,0.745,2.235,34.767,0.497,19.867,11.050999999999998,0.993,2.483,12.417,6.705,2.235,0.248,1.738,14.013285714285713,29.055,9.1885,0.9935,1.6139999999999999,2.732,2.235,2.483,48.5495,0.993,2.98,1.242,2.98,0.993,0.745,29.179499999999997,6.953,10.43,0.993,45.445,85.8,1.242,0.497,8.94,0.497,21.357,2.483,0.0,124.16799999999999,2.5454999999999997,21.854,1.242,11.92,5.215,92.133,32.284,62.084,0.497,1.987,8.692,11.672,279.0055,2.6075,0.0,16.762749999999997,4.967,0.745,20.86,0.497,52.399,161.41839999999996,60.26266666666667,7.202,1.3655,172.593,15.893,424.903,0.993,50.412,2.235,18.459666666666667,95.113,98.093,25.827,287.573,132.363,0.248,12.417,152.727,167.627,35.264,52.896,2.235,15.975999999999999,67.051,100.328,0.248,7.5494,29.055,14.2795,24.91633333333333,9.188,1.242,2.6075,13.608799999999999,31.456,0.745,23.344,1.49,133.605,39.237,6.704999999999999,0.248,0.248,3.477,12.6154,1.0,NO73,2.0
NO77f2,87.278,4.347333333333333,6.085999999999999,0.201,30.095999999999997,0.602,67.014,84.469,0.201,0.803,1.4044999999999999,6.7215,0.602,4.2135,0.401,3.812,0.201,0.0,13.593499999999999,54.373333333333335,6.353666666666666,31.50066666666667,2.408,0.401,152.3526666666667,45.144,0.0,2.809,3.812,0.401,2.006,0.602,0.401,0.201,0.401,5.819,2.274,1.605,0.0,2.006,86.80999999999999,1.806,8.828,0.401,9.43,7.624,45.54533333333334,2.9846250000000003,1.605,3.01,29.962,34.711,54.775,0.201,11.637,0.401,0.401,2.207,22.471999999999998,1.003,0.602,19.5125,1.003,0.0,406.497,4.6948,97.11,5.718,1.404,0.602,33.708,10.433333333333334,49.759,10.233,99.116,1.806,9.029,127.406,0.602,0.0,68.218,1.150466666666667,0.201,4.347,0.201,1.204,2.6085000000000003,2.508,0.803,0.0,22.571833333333334,0.201,1.204,50.361,0.401,7.624,9.33,0.0,0.602,6.621,17.656,1.003,0.201,1.404,11.837571428571428,40.73,4.715,1.2035,2.1065,1.605,1.003,0.602,29.494,0.803,1.003,1.204,3.01,0.803,0.803,53.0695,8.828,23.876,1.003,29.293,54.775,1.806,2.408,2.207,4.013,25.883,0.803,1.404,38.021499999999996,4.2635000000000005,8.026,1.003,3.21,2.408,37.52,32.504,30.297,0.0,0.401,2.8093333333333335,3.21,746.6825,1.505,0.0,28.49075,1.003,0.803,14.245,0.602,40.931,178.4492,74.77183333333333,3.812,1.806,177.566,12.038,379.611,0.602,34.51,7.624,9.363333333333333,90.89,53.37,25.883,165.127,115.569,0.602,0.803,60.794,235.752,35.112,117.976,1.404,11.704,50.361,91.893,2.207,6.460800000000001,19.863,6.4205,32.5035,1.404,0.201,0.0,6.500800000000001,20.732666666666663,0.602,16.051,0.803,110.753,23.676,4.012666666666667,1.404,0.803,1.806,7.142799999999999,0.0,NO77,0.0
NO77h2,84.815,17.089333333333332,16.459,3.78,75.95599999999999,0.473,87.414,87.65,1.654,2.835,10.159,26.342499999999998,1.654,14.293,1.181,8.033,3.071,0.473,45.0065,123.16766666666666,14.569,52.21233333333333,12.994,4.489,45.99099999999999,70.404,0.473,2.599,6.143,1.418,3.78,0.709,0.709,0.709,1.418,13.939,3.701333333333333,5.198,5.67,0.945,86.54766666666666,1.654,21.263,0.945,182.389,20.79,69.14399999999999,5.522499999999999,0.236,2.126,43.312999999999995,76.31,80.09,0.236,26.933,0.709,0.945,4.016,53.6295,0.236,0.709,37.62375,0.473,0.3545,277.599,7.3238,118.836,22.444,0.236,0.709,51.74,19.057666666666666,54.102,17.719,106.078,0.945,16.774,201.525,0.236,0.236,88.595,3.8117333333333336,2.363,6.536333333333334,0.0,0.236,5.1975,6.733,4.016,0.709,58.66983333333334,0.709,0.709,39.691,0.473,15.829,18.782,0.473,2.126,9.686,12.049,1.654,1.181,1.654,14.107857142857144,29.059,14.648,1.772,4.8435,5.198,0.945,1.181,59.8905,0.709,11.104,0.0,0.473,1.89,1.418,23.921,5.67,14.884,1.89,38.746,81.98,0.236,2.599,4.725,1.181,38.509,1.181,5.434,85.0515,4.489,17.483,1.181,5.434,4.3705,85.288,41.345,45.361,1.181,1.181,8.190333333333333,6.497,246.53150000000002,2.363,0.945,17.010250000000003,5.198,1.418,23.153,0.473,63.316,212.06220000000002,29.8075,6.851,1.1815,239.09,22.917,522.359,0.0,43.471,2.363,17.482666666666663,134.665,81.744,36.619,215.937,163.0155,1.654,2.599,115.765,235.073,65.915,44.18,1.418,15.356666666666667,69.459,97.809,0.473,7.4658,45.833,15.002,38.864000000000004,33.548,0.945,1.418,7.513,43.23466666666667,1.181,25.279,0.709,129.94,29.532,4.882666666666666,0.0,3.308,1.181,10.584299999999999,1.0,NO77,0.0
NO89f2,62.888,4.726333333333334,24.097333333333335,0.147,49.223,0.955,56.496,79.197,1.102,0.294,5.4365000000000006,12.452499999999999,1.322,5.1795,2.645,8.081,5.29,0.147,41.013,48.51233333333334,6.170999999999999,19.566666666666666,11.681,7.494,142.13400000000001,37.101,0.073,1.102,2.277,1.91,7.567,1.102,1.322,2.792,1.396,3.453,3.1590000000000003,2.351,3.6,0.955,67.93266666666666,4.335,5.1425,2.424,24.171,10.212,55.27166666666667,3.8019999999999996,0.661,2.645,26.154,48.194,42.537,2.424,5.877,2.204,2.351,1.543,21.636000000000003,0.661,1.249,9.036249999999999,1.984,0.11,89.85,4.1288,75.451,5.694,0.661,0.661,53.19,13.272999999999998,39.231,6.098,89.336,4.188,18.367,131.726,0.147,4.041,97.27,1.753466666666666,0.661,2.547,1.91,0.367,5.7669999999999995,3.7104999999999997,3.159,0.0,27.0725,0.514,0.588,43.713,1.029,6.759,3.049,2.204,0.955,7.861,10.065,0.588,0.588,0.367,9.65557142857143,23.216,6.061,2.204,2.9385,2.351,1.175,1.175,45.6965,0.955,0.441,0.441,2.645,1.102,0.147,19.689,8.375,13.224,4.261,33.648,65.2755,0.735,1.102,7.347,4.335,13.004,2.718,1.469,117.6575,2.2590000000000003,9.11,0.22,13.665,4.371,42.611,25.273,41.068,0.073,0.22,1.0773333333333333,3.306,276.9705,1.6895,0.0,18.771,7.714,0.367,10.8,1.175,54.072,199.1838,22.199333333333332,3.453,1.139,127.465,17.632,374.608,2.131,30.048,6.832,14.081333333333333,109.833,64.651,33.354,172.5,125.33500000000001,0.367,8.008,183.006,184.182,30.195,33.207,1.029,13.126,49.443,65.165,1.029,5.8482,35.338,7.6405,24.048166666666663,3.379,2.865,0.9550000000000001,5.8626000000000005,30.734000000000005,0.22,15.061,0.808,91.76,18.734,5.926333333333333,0.294,0.955,2.571,9.7932,0.0,NO89,1.0
NO89h2,60.254,18.719666666666665,23.399666666666665,2.34,75.0255,0.877,85.117,64.934,3.51,1.462,12.431,16.672,1.17,10.529499999999999,3.217,8.482,6.435,1.17,88.5535,120.02133333333332,13.552333333333332,67.56666666666666,14.04,8.775,114.36633333333334,47.677,1.17,3.217,6.142,2.34,5.85,0.877,0.0,3.51,0.877,19.597,3.7049999999999996,12.285,13.747,2.632,45.82433333333333,2.047,16.2335,3.802,683.566,44.167,70.004,4.423875000000001,0.585,0.292,41.92466666666667,60.547,76.049,3.802,18.135,1.462,4.387,2.632,44.166999999999994,1.462,1.17,41.75375,0.292,0.731,259.445,6.7858,75.172,28.8105,0.292,2.047,50.895,16.672,49.432,9.652,116.121,0.0,21.352,172.281,0.292,0.877,101.497,8.404266666666667,1.462,4.777333333333334,0.585,0.585,6.726999999999999,9.798499999999999,8.775,0.877,51.67433333333333,0.0,2.047,34.807,1.17,10.237,8.0435,0.0,1.462,9.652,7.02,0.585,1.462,0.877,11.574571428571428,15.21,16.3795,0.4385,4.9725,3.51,1.17,1.462,49.286,0.877,8.482,0.585,3.802,1.17,0.585,22.52225,2.632,12.87,2.632,70.784,59.376999999999995,0.585,1.17,9.067,2.34,18.135,2.34,0.877,112.611,4.97225,16.672,0.292,25.155,2.9245,36.562,26.325,41.535,3.51,0.292,12.869666666666667,3.0709999999999997,191.293,2.1935000000000002,3.217,16.306500000000003,9.067,2.34,19.89,0.877,55.867,176.2586,18.71966666666667,11.7,1.316,125.189,16.087,379.954,1.462,25.155,2.34,17.159666666666666,128.991,88.627,35.685,184.273,159.411,7.02,7.02,100.619,238.97,64.642,38.61,2.632,15.892333333333335,76.342,53.82,0.292,4.9136,28.665,7.166,36.172000000000004,50.017,2.632,3.2175,8.6578,54.306666666666665,0.0,18.427,0.292,140.106,32.76,5.459666666666666,0.0,1.17,3.217,8.394599999999999,1.0,NO89,1.0
